CREATE DATABASE  IF NOT EXISTS `froglib2` /*!40100 DEFAULT CHARACTER SET utf8mb4 COLLATE utf8mb4_0900_ai_ci */ /*!80016 DEFAULT ENCRYPTION='N' */;
USE `froglib2`;
-- MySQL dump 10.13  Distrib 8.0.42, for Win64 (x86_64)
--
-- Host: 127.0.0.1    Database: froglib2
-- ------------------------------------------------------
-- Server version	8.0.42

/*!40101 SET @OLD_CHARACTER_SET_CLIENT=@@CHARACTER_SET_CLIENT */;
/*!40101 SET @OLD_CHARACTER_SET_RESULTS=@@CHARACTER_SET_RESULTS */;
/*!40101 SET @OLD_COLLATION_CONNECTION=@@COLLATION_CONNECTION */;
/*!50503 SET NAMES utf8 */;
/*!40103 SET @OLD_TIME_ZONE=@@TIME_ZONE */;
/*!40103 SET TIME_ZONE='+00:00' */;
/*!40014 SET @OLD_UNIQUE_CHECKS=@@UNIQUE_CHECKS, UNIQUE_CHECKS=0 */;
/*!40014 SET @OLD_FOREIGN_KEY_CHECKS=@@FOREIGN_KEY_CHECKS, FOREIGN_KEY_CHECKS=0 */;
/*!40101 SET @OLD_SQL_MODE=@@SQL_MODE, SQL_MODE='NO_AUTO_VALUE_ON_ZERO' */;
/*!40111 SET @OLD_SQL_NOTES=@@SQL_NOTES, SQL_NOTES=0 */;

--
-- Table structure for table `authors`
--

DROP TABLE IF EXISTS `authors`;
/*!40101 SET @saved_cs_client     = @@character_set_client */;
/*!50503 SET character_set_client = utf8mb4 */;
CREATE TABLE `authors` (
  `id_author` int NOT NULL AUTO_INCREMENT,
  `surname_author` varchar(100) NOT NULL,
  `name_author` varchar(100) NOT NULL,
  `patronymic_author` varchar(100) DEFAULT NULL,
  PRIMARY KEY (`id_author`)
) ENGINE=InnoDB AUTO_INCREMENT=51 DEFAULT CHARSET=utf8mb4 COLLATE=utf8mb4_0900_ai_ci;
/*!40101 SET character_set_client = @saved_cs_client */;

--
-- Dumping data for table `authors`
--

LOCK TABLES `authors` WRITE;
/*!40000 ALTER TABLE `authors` DISABLE KEYS */;
INSERT INTO `authors` VALUES (1,'Толстой','Лев','Николаевич'),(2,'Оруэлл','Джордж',NULL),(3,'Хокинг','Стивен',NULL),(4,'Кийосаки','Роберт',NULL),(5,'Ильяхов','Максим',NULL),(6,'Сарычева','Людмила',NULL),(7,'Мосян','Тунсю',NULL),(8,'Сакавич','Нора',NULL),(9,'дю Морье','Дафна',NULL),(10,'Лабковский','Михаил',NULL),(11,'Беннет','Си Джей',NULL),(12,'Риордан','Рик',NULL),(13,'Шаталова','Мария',NULL),(14,'Киз','Дэниел',NULL),(15,'Бакман','Фредрик',NULL),(16,'Достоевский','Федор','Михайлович'),(17,'де Сент-Экзюпери','Антуан',NULL),(18,'Коэльо','Пауло',NULL),(19,'Рэнд','Айн',NULL),(20,'Браун','Дэн',NULL),(21,'Булгаков','Михаил','Афанасьевич'),(22,'Ли','Харпер',NULL),(23,'Вульф','Мара',NULL),(24,'Ремарк','Эрих Мария',NULL),(25,'Гилберт','Элизабет',NULL),(26,'Бардуго','Ли',NULL),(27,'Винчестер','Лина',NULL),(28,'Джейн','Анна',NULL),(29,'Столбова','Татьяна',NULL),(30,'Остин','Джейн',NULL),(31,'Веркин','Эдуард',NULL),(32,'Ханна','Кристин',NULL),(33,'Васильев','Борис','Львович'),(34,'Сейгер','Райли',NULL),(35,'Диккер','Жоэль',NULL),(36,'Ирвинг','Джон',NULL),(37,'Гессе','Герман',NULL),(38,'Лабатут','Бенхамин',NULL),(39,'Финней','Джек',NULL),(40,'Тараторина','Даха',NULL),(41,'Журавлева','Юлия',NULL),(42,'Александрова','Анна',NULL),(43,'Чередниченко','Ольга',NULL),(44,'Джемс','Виль',NULL),(45,'Шторм','Милана',NULL),(46,'Власова','Александра',NULL),(47,'Мюссо','Валентен',NULL),(48,'Пичугин','Дмитрий',NULL),(49,'Карро','Николя',NULL),(50,'Хелен','Браун',NULL);
/*!40000 ALTER TABLE `authors` ENABLE KEYS */;
UNLOCK TABLES;

--
-- Table structure for table `bookauthors`
--

DROP TABLE IF EXISTS `bookauthors`;
/*!40101 SET @saved_cs_client     = @@character_set_client */;
/*!50503 SET character_set_client = utf8mb4 */;
CREATE TABLE `bookauthors` (
  `id_author` int NOT NULL,
  `id_book` int NOT NULL,
  PRIMARY KEY (`id_author`,`id_book`),
  KEY `id_book` (`id_book`),
  CONSTRAINT `bookauthors_ibfk_1` FOREIGN KEY (`id_author`) REFERENCES `authors` (`id_author`),
  CONSTRAINT `bookauthors_ibfk_2` FOREIGN KEY (`id_book`) REFERENCES `books` (`id_book`)
) ENGINE=InnoDB DEFAULT CHARSET=utf8mb4 COLLATE=utf8mb4_0900_ai_ci;
/*!40101 SET character_set_client = @saved_cs_client */;

--
-- Dumping data for table `bookauthors`
--

LOCK TABLES `bookauthors` WRITE;
/*!40000 ALTER TABLE `bookauthors` DISABLE KEYS */;
INSERT INTO `bookauthors` VALUES (1,1),(2,2),(3,3),(4,4),(5,5),(6,5),(7,6),(8,7),(9,8),(10,9),(11,10),(7,11),(12,12),(13,13),(14,14),(15,15),(7,16),(17,17),(18,18),(19,19),(20,20),(21,21),(22,22),(23,23),(24,24),(25,25),(26,26),(27,27),(28,28),(29,29),(30,30),(31,31),(32,32),(33,33),(34,34),(35,35),(36,36),(37,37),(38,38),(39,39),(40,40),(41,41),(42,42),(43,43),(44,44),(45,45),(46,46),(47,47),(48,48),(49,49);
/*!40000 ALTER TABLE `bookauthors` ENABLE KEYS */;
UNLOCK TABLES;

--
-- Table structure for table `bookcollections`
--

DROP TABLE IF EXISTS `bookcollections`;
/*!40101 SET @saved_cs_client     = @@character_set_client */;
/*!50503 SET character_set_client = utf8mb4 */;
CREATE TABLE `bookcollections` (
  `id_collection` int NOT NULL,
  `id_book` int NOT NULL,
  PRIMARY KEY (`id_collection`,`id_book`),
  KEY `id_book` (`id_book`),
  CONSTRAINT `bookcollections_ibfk_1` FOREIGN KEY (`id_collection`) REFERENCES `collections` (`id_collection`),
  CONSTRAINT `bookcollections_ibfk_2` FOREIGN KEY (`id_book`) REFERENCES `books` (`id_book`)
) ENGINE=InnoDB DEFAULT CHARSET=utf8mb4 COLLATE=utf8mb4_0900_ai_ci;
/*!40101 SET character_set_client = @saved_cs_client */;

--
-- Dumping data for table `bookcollections`
--

LOCK TABLES `bookcollections` WRITE;
/*!40000 ALTER TABLE `bookcollections` DISABLE KEYS */;
INSERT INTO `bookcollections` VALUES (1,1),(4,1),(7,1),(10,1),(13,1),(16,1),(23,1),(26,1),(32,1),(36,1),(1,2),(4,2),(7,2),(10,2),(13,2),(17,2),(20,2),(25,2),(26,2),(29,2),(33,2),(1,3),(4,3),(7,3),(10,3),(13,3),(20,3),(24,3),(33,3),(1,4),(4,4),(7,4),(10,4),(13,4),(22,4),(24,4),(28,4),(1,5),(4,5),(7,5),(10,5),(13,5),(18,5),(21,5),(22,5),(28,5),(2,6),(5,6),(8,6),(11,6),(14,6),(19,6),(27,6),(36,6),(2,7),(5,7),(8,7),(11,7),(14,7),(25,7),(30,7),(2,8),(5,8),(8,8),(11,8),(14,8),(23,8),(31,8),(2,9),(5,9),(8,9),(11,9),(14,9),(18,9),(20,9),(22,9),(28,9),(36,9),(2,10),(5,10),(8,10),(11,10),(14,10),(21,10),(25,10),(30,10),(36,10),(3,11),(6,11),(9,11),(12,11),(15,11),(19,11),(27,11),(3,12),(6,12),(9,12),(12,12),(15,12),(19,12),(21,12),(24,12),(32,12),(3,13),(6,13),(9,13),(12,13),(15,13),(18,13),(22,13),(28,13),(3,14),(6,14),(9,14),(12,14),(15,14),(17,14),(20,14),(24,14),(29,14),(33,14),(3,15),(6,15),(9,15),(12,15),(15,15),(18,15),(21,15),(31,15),(34,15),(35,15),(16,16),(19,16),(36,16),(23,17),(26,17),(35,17),(20,18),(22,18),(28,18),(17,19),(24,19),(29,19),(33,19),(18,20),(25,20),(32,20),(16,21),(17,21),(16,22),(23,22),(25,22),(26,22),(19,23),(27,23),(16,24),(17,24),(23,24),(31,24),(35,24),(21,25),(31,25),(34,25),(27,28),(26,30),(31,30),(35,30),(35,31),(36,31),(34,32),(32,33),(30,35),(32,37),(29,38),(33,38),(29,39),(34,45),(27,46),(30,47),(30,48),(34,49);
/*!40000 ALTER TABLE `bookcollections` ENABLE KEYS */;
UNLOCK TABLES;

--
-- Table structure for table `bookratings`
--

DROP TABLE IF EXISTS `bookratings`;
/*!40101 SET @saved_cs_client     = @@character_set_client */;
/*!50503 SET character_set_client = utf8mb4 */;
CREATE TABLE `bookratings` (
  `id_rating` int NOT NULL AUTO_INCREMENT,
  `id_user` int NOT NULL,
  `id_book` int NOT NULL,
  `rating` int NOT NULL,
  PRIMARY KEY (`id_rating`),
  UNIQUE KEY `id_user` (`id_user`,`id_book`),
  KEY `id_book` (`id_book`),
  CONSTRAINT `bookratings_ibfk_1` FOREIGN KEY (`id_user`) REFERENCES `users` (`id_user`),
  CONSTRAINT `bookratings_ibfk_2` FOREIGN KEY (`id_book`) REFERENCES `books` (`id_book`)
) ENGINE=InnoDB AUTO_INCREMENT=182 DEFAULT CHARSET=utf8mb4 COLLATE=utf8mb4_0900_ai_ci;
/*!40101 SET character_set_client = @saved_cs_client */;

--
-- Dumping data for table `bookratings`
--

LOCK TABLES `bookratings` WRITE;
/*!40000 ALTER TABLE `bookratings` DISABLE KEYS */;
INSERT INTO `bookratings` VALUES (1,1,1,5),(2,2,1,4),(4,7,1,4),(5,8,1,5),(6,10,2,5),(7,1,2,4),(8,2,2,5),(9,6,2,4),(10,7,2,5),(11,8,3,5),(12,10,3,4),(13,1,3,5),(14,2,3,4),(15,6,3,5),(16,7,4,4),(17,8,4,5),(18,10,4,4),(19,1,4,5),(20,2,4,4),(21,6,5,5),(22,7,5,4),(23,8,5,5),(24,10,5,4),(25,1,5,5),(26,2,6,4),(27,6,6,5),(28,7,6,4),(29,8,6,5),(30,10,6,4),(31,1,7,5),(32,2,7,4),(33,6,7,5),(34,7,7,4),(35,8,7,5),(36,10,8,5),(37,1,8,4),(38,2,8,5),(39,6,8,4),(40,7,8,5),(41,8,9,5),(42,10,9,4),(43,1,9,5),(44,2,9,4),(45,6,9,5),(46,7,10,4),(47,8,10,5),(48,10,10,4),(49,1,10,5),(50,2,10,4),(51,6,11,5),(52,7,11,4),(53,8,11,5),(54,10,11,4),(55,1,11,5),(56,2,12,4),(57,6,12,5),(58,7,12,4),(59,8,12,5),(60,10,12,4),(61,1,13,5),(62,2,13,4),(63,6,13,5),(64,7,13,4),(65,8,13,5),(66,10,14,5),(67,1,14,4),(68,2,14,5),(69,6,14,4),(70,7,14,5),(71,8,15,5),(72,10,15,4),(73,1,15,5),(74,2,15,4),(75,6,15,5),(76,1,16,5),(77,2,17,5),(78,6,18,4),(79,7,19,3),(80,8,20,5),(81,10,21,5),(82,1,22,4),(83,2,23,5),(84,6,24,5),(85,7,25,4),(86,2,16,4),(88,7,18,4),(89,8,19,3),(90,10,20,5),(91,1,21,5),(92,2,22,5),(93,6,23,4),(94,7,24,5),(95,8,25,4),(97,6,17,5),(98,12,26,5),(99,13,27,5),(100,12,28,5),(101,14,29,5),(102,15,30,2),(103,16,31,4),(104,18,32,5),(105,19,33,4),(106,20,34,2),(107,21,35,5),(108,22,36,4),(109,23,37,5),(110,24,38,3),(111,25,39,4),(112,26,40,5),(113,17,41,4),(114,27,42,5),(115,28,43,5),(116,29,44,1),(117,30,45,1),(118,31,46,5),(119,32,47,4),(120,33,48,5),(121,34,49,3),(122,2,11,1),(123,7,16,1),(124,8,17,1),(125,10,18,1),(126,11,19,1),(127,11,11,5),(128,22,2,4),(129,2,21,1),(130,12,22,5),(131,25,49,3),(132,15,47,3),(133,28,47,4),(134,6,42,4),(135,29,18,2),(136,34,10,4),(137,14,31,4),(138,25,45,1),(139,11,17,3),(140,12,34,1),(141,26,14,3),(142,30,37,5),(143,29,36,5),(144,32,7,3),(145,22,28,2),(146,11,28,1),(147,33,1,1),(148,27,13,1),(149,27,9,5),(150,24,41,4),(151,17,49,2),(152,2,28,5),(153,32,33,1),(154,19,2,5),(155,26,32,4),(156,24,5,4),(157,34,6,3),(158,16,33,1),(159,6,16,5),(160,3,20,4),(161,19,26,3),(162,19,20,4),(163,33,40,2),(164,23,31,2),(165,26,48,1),(166,12,5,5),(167,32,9,1),(168,19,48,3),(169,20,24,1),(170,24,11,1),(171,8,36,4),(172,25,35,1),(173,18,2,3),(174,16,41,4),(175,33,4,1),(176,14,21,4),(177,6,27,4),(179,6,46,5),(180,6,1,4);
/*!40000 ALTER TABLE `bookratings` ENABLE KEYS */;
UNLOCK TABLES;

--
-- Table structure for table `books`
--

DROP TABLE IF EXISTS `books`;
/*!40101 SET @saved_cs_client     = @@character_set_client */;
/*!50503 SET character_set_client = utf8mb4 */;
CREATE TABLE `books` (
  `id_book` int NOT NULL AUTO_INCREMENT,
  `isbn_13` char(13) NOT NULL,
  `id_publisher` int NOT NULL,
  `id_category` int NOT NULL,
  `image_url` text NOT NULL,
  `title_book` varchar(255) NOT NULL,
  `description_book` text NOT NULL,
  `year_publication` year NOT NULL,
  `page_count` int NOT NULL,
  `language_book` varchar(10) NOT NULL,
  `added_date` date NOT NULL,
  PRIMARY KEY (`id_book`),
  UNIQUE KEY `isbn_13` (`isbn_13`),
  KEY `id_publisher` (`id_publisher`),
  KEY `id_category` (`id_category`),
  CONSTRAINT `books_ibfk_1` FOREIGN KEY (`id_publisher`) REFERENCES `publishers` (`id_publisher`),
  CONSTRAINT `books_ibfk_2` FOREIGN KEY (`id_category`) REFERENCES `categories` (`id_category`)
) ENGINE=InnoDB AUTO_INCREMENT=50 DEFAULT CHARSET=utf8mb4 COLLATE=utf8mb4_0900_ai_ci;
/*!40101 SET character_set_client = @saved_cs_client */;

--
-- Dumping data for table `books`
--

LOCK TABLES `books` WRITE;
/*!40000 ALTER TABLE `books` DISABLE KEYS */;
INSERT INTO `books` VALUES (1,'9785043780300',1,1,'https://books.google.com:443/books/content?id=wPBWEAAAQBAJ&printsec=frontcover&img=1&zoom=3&edge=curl&source=gbs_api','Война и мир','Роман <Война и мир>, одно из величайших произведений русской и мировой литературы, создавался Л.Н. Толстым на протяжении шести лет, восемь раз переписывался, а отдельные эпизоды - более двадцати раз. Исследователи насчитывают пятнадцать вариантов одного только начала романа. В данной книге использована вторая редакция <Войны и мира> (1873 год), наиболее полная и удобная для чтения, поскольку Толстой перевёл на русский весь французский текст романа.Книга снабжена большим количеством иллюстраций, показывающих прототипов главных героев, исторических персонажей, а также хронику нашествия Наполеона на Россию. Развернутые комментарии к ним дал российский литературовед, доктор филологических наук Борис Соколов. Из этих комментариев можно узнать много интересных и неожиданных подробностей об исторической канве <Войны и мира>.',2022,1347,'ru','2025-02-10'),(2,'9785045073554',2,1,'https://books.google.com:443/books/content?id=z58xEQAAQBAJ&printsec=frontcover&img=1&zoom=3&edge=curl&source=gbs_api','1984','Джордж Оруэлл - один из самых читаемых в мире авторов и очень противоречивая персона своего времени. Родился в Бенгалии, учился в Итоне, работал в полиции, на радио и в букинистическом магазине, воевал в Испании и писал книги. Ярый противник коммунизма и защитник демократического социализма, Оруэлл устроил бунт против общества, к которому так стремился, но в котором чувствовал себя абсолютно чужим.Что будет, если в правящих кругах распространятся идеи фашизма и диктатуры? Каким станет общественный уклад, если власть потребует неуклонного подчинения? К какой катастрофе приведет подобный режим?В государстве Океания у граждан нет прав, а значит, власть партии абсолютна. Повседневная жизнь героев проходит в условиях страха и постоянных потрясений. Здесь перечеркнуты свобода слова, свобода печати, свобода выбора, свобода любви и даже свобода мысли. Нарушить порядок невозможно, ведь Большой Брат смотрит за каждым.Ужасы преступлений государственной машины зафиксировал Джордж Оруэлл в своем главном творении - <1984>. Этот роман-предупреждение об опасности тоталитаризма стал одной из самых известных антиутопий XX века, которая стоит в одном ряду с <Мы> Замятина, <О дивный новый мир> Хаксли и <451° по Фаренгейту> Брэдбери.Культовая антиутопия XX века и главное произведение Джорджа Оруэлла заиграет новыми красками благодаря иллюстрациям художника Вадима Белобородова, нарисованным специально для данного издания. Макет книги органично поддерживает иллюстрации: красивый, простой, жесткий, как и сам роман.',2022,382,'ru','2025-02-10'),(3,'9785041400866',2,2,'https://books.google.com:443/books/content?id=od15DwAAQBAJ&printsec=frontcover&img=1&zoom=3&edge=curl&source=gbs_api','Вселенная Стивена Хокинга (сборник)','Под этой обложкой собраны работы Стивена Хокинга, которые дают наиболее полное представление о его жизни, работе, взглядах на науку и Вселенную: <Краткая история времени>. <Моя краткая история> и отдельные лекции из сборника <Черные дыры и молодые вселенные>.',2018,447,'ru','2025-02-10'),(4,'9789851516595',3,3,'https://books.google.com:443/books/content?id=vy_lCwAAQBAJ&printsec=frontcover&img=1&zoom=3&edge=curl&source=gbs_api','Богатый папа, бедный папа','Бестселлер №1 в мире <Богатый папа, бедный папа>! Роберт Кийосаки убежден в том, что современная система школьного образования не дает действительно нужных для жизни знаний - знаний о деньгах. Все это приводит к тому, что мы вынуждены всю жизнь работать за деньги и зарабатывать их для других. И это вместо того, чтобы заставить работать деньги на себя! В центре книги - история самого Кийосаки. Его воспитывали два папы. Один - бедный - государственный служащий, второй - богатый - бизнесмен, ставший одним из самых влиятельных людей на Гавайских островах. Маленький Роберт выбрал путь, предложенный Богатым папой, и добился того, что стал финансово обеспеченным человеком. И теперь он готов делиться секретами своего успеха. А они работают, ведь неслучайно его бестселлер считают обязательным чтением для миллионеров!',2012,239,'ru','2025-02-10'),(5,'9785961494266',4,4,'https://books.google.com:443/books/content?id=7af4EAAAQBAJ&printsec=frontcover&img=1&zoom=3&edge=curl&source=gbs_api','Пиши, сокращай 2025: Как создавать сильный текст','<Пиши, сокращай> - книга о создании текста для всех, кто пишет по работе, неважно, работает ли человек профессиональным автором или текст - его дополнительная задача. Сотрудникам предприятий советы из книги помогут четко доносить пользу своих продуктов до потенциальных клиентов, договариваться с коллегами, руководителями, знакомыми. Журналистам - создавать интересные статьи и публикации в соцсетях. Авторы на примерах рассказывают, в каком порядке подавать информацию, без каких слов текст станет более ясным, как убедить читателя дочитать до конца и всегда ли это нужно. Материал <Пиши, сокращай> подан так, чтобы читателям легко было его охватить и применить на практике: кому-то понадобятся простые приемы редактуры на уровне слов, а кто-то углубится в тему отношений с читателями. И каждый найдет в книге полезное для себя.',2025,437,'ru','2025-02-10'),(6,'9785046296815',2,5,'https://books.google.com:443/books/content?id=P_sCEQAAQBAJ&printsec=frontcover&img=1&zoom=3&edge=curl&source=gbs_api','Благословение небожителей. Том 1','В незапамятные времена Се Лянь был наследным принцем государства Сяньлэ. Судьба одарила его всем: прекрасным ликом, чистыми помыслами и бесконечной любовью своих подданных. И если уж кому-то было предначертано стать божеством, то именно его высочеству.Однако удержаться на Небесах оказалось для него не так просто. Се Лянь возносился дважды и дважды был изгнан на землю. И вот спустя восемьсот лет скитаний его высочество вновь возвращается в небесные чертоги. Получив первое задание в роли божества, он сталкивается с таинственным и невероятно могущественным демоном...',2024,468,'ru','2025-02-10'),(7,'9785045029728',2,1,'https://books.google.com:443/books/content?id=kMW_EAAAQBAJ&printsec=frontcover&img=1&zoom=3&edge=curl&source=gbs_api','Лисья нора','Сенсационная трилогия писательницы Норы Сакавич <Все ради игры> была впервые опубликована в интернете и молниеносно покорила читателей во всем мире. <Лисья нора> повествует о команде <Лисов> - игроков экси (вымышленный спорт), которые, будучи отбросами в жизни, пытаются подняться со дна турнирной таблицы и выиграть чемпионат страны. Главный герой, Нил Джостен, скрывается от своего темного прошлого, однако, став частью команды, вынужден сражаться не только с соперниками, но и с новоиспеченными товарищами, каждый из которых хранит свои секреты.',2022,301,'ru','2025-02-10'),(8,'9785457768864',2,1,'https://books.google.com:443/books/content?id=k-OyCAAAQBAJ&printsec=frontcover&img=1&zoom=3&edge=curl&source=gbs_api','Ребекка','Юная компаньонка капризной пожилой американки становится женой импозантного английского аристократа Максимилиана де Уинтера, терзаемого тайной печалью, и прибывает вместе с ним в его родовое поместье Мэндерли. В огромном мрачном особняке и люди, и стены, и, кажется, сам воздух напоминают новой хозяйке о ее погибшей предшественнице - прекрасной и утонченной Ребекке де Уинтер. Странное поведение супруга, настороженность, а подчас и враждебность прислуги, всеобщие недомолвки, явно призванные скрыть тайну смерти первой жены Максимилиана, повергают героиню в трепет. После нескольких месяцев мучительных переживаний ей доведется узнать тщательно скрываемую правду о прошлом обитателей Мэндерли...Роман <Ребекка> (1938), сделавший всемирно известным имя английской писательницы Дафны Дюморье, почти сразу по выходе в свет был экранизирован Альфредом Хичкоком, а спустя десятилетия, обретя статус классики ХХ века и удостоившись лестных сравнений с <Джейн Эйр> Шарлотты Бронте, породил несколько продолжений и переложений, в числе которых - <Миссис де Уинтер> Сьюзен Хилл, <Другая Ребекка> Морин Фрили, <История Ребекки> Салли Бомон.',2015,492,'ru','2025-02-10'),(9,'9785043708274',2,6,'https://books.google.com:443/books/content?id=EZZGEAAAQBAJ&printsec=frontcover&img=1&zoom=3&edge=curl&source=gbs_api','Хочу и буду. 6 правил счастливой жизни или метод Лабковского в действии','В новом, дополненном, издании появилось предисловие и глава, где психолог Михаил Лабковский подробно разбирает каждое правило, говорит о нюансах и объясняет методику, чтобы применять ее стало проще. Чтобы жить стало легче, понятнее, а главное - счастливее.Михаил Лабковский абсолютно уверен, что человек может и имеет право быть счастливым и делать только то, что он хочет. Его книга о том, как понять себя, обрести гармонию и научиться радоваться жизни.Автор задается вопросом, почему человек не получает от жизни радость и удовольствие: откуда в нас осознанные и бессознательные тревоги, страхи, неумение слушать себя и строить отношения с другими людьми?Отличительная черта подхода Лабковского - в конкретике. На любой самый сложный вопрос он всегда дает предельно доходчивый ответ. Его заявления и советы настолько радикальны, что многим приходится сначала испытать удивление, если не шок. В рекомендациях автор не прячется за обтекаемыми формулировками, а четко называет причины проблем. И самое главное, что он знает, как эту проблему решить - без копания в детских психотравмах и пристального анализа вашего прошлого. Если у человека есть знание и желание, то изменить себя и свою жизнь к лучшему вполне реально. Цель издания этой книги - личное счастье каждого, кто ее прочитает.Как книга Михаила Лабковского изменила жизни тысячи людей? Рассказываем в ЛитРес: Журнале',2021,314,'ru','2025-02-10'),(10,'9785047177533',2,1,'https://books.google.com:443/books/content?id=gQBIEQAAQBAJ&printsec=frontcover&img=1&zoom=3&edge=curl&source=gbs_api','Самое королевское убийство','В третьей детективной истории из серии <Следствие ведет Ее Величество> из-за убийства, совершенного неподалеку от Сандрингема, любимой резиденции королевы, под угрозой оказываются все рождественские каникулы. После шторма на пляже находят человеческую руку и пакет с наркотиками. Руку королева опознает сразу - она принадлежит семидесятилетнему Эдварду Сен-Сиру. А вот вычислить убийцу оказывается не так просто. Под подозрение попадают королевский конюший, недобросовестный управляющий, соседи-аристократы, а также многочисленные родственники жертвы. Ее Величество желает во что бы то ни стало докопаться до истины, даже если убийцей окажется кто-то из ее ближайшего окружения...',2025,301,'ru','2025-02-10'),(11,'9785047223643',2,5,'https://books.google.com:443/books/content?id=DrpIEQAAQBAJ&printsec=frontcover&img=1&zoom=3&edge=curl&source=gbs_api','Система <Спаси-Себя-Сам> для Главного Злодея. Том 3','Чтобы спасти свою школу от уничтожения, Шэнь Цинцю согласился с требованиями Ло Бинхэ.Шэнь Цинцю жаждет вернуться к мирным дням, которые они с учеником вместе коротали на пике Цинцзин, но это невозможно. Ло Бинхэ превратился в настоящего Повелителя демонов, и теперь ему приходится противостоять собственному отцу.Чем дальше, тем больше секретов <Пути Гордого Бессмертного Демона> открывается Шэнь Цинцю... включая прошлое настоящего хозяина его тела. И он понимает, что должен принять Ло Бинхэ таким, какой он есть. Иначе они оба погибнут... А с ними, возможно, весь мир.Содержит нецензурную брань',2025,513,'ru','2025-02-10'),(12,'9785047143958',2,5,'https://books.google.com:443/books/content?id=yf1GEQAAQBAJ&printsec=frontcover&img=1&zoom=3&edge=curl&source=gbs_api','Дочь глубин','Вы держите в руках новую книгу автора цикла о Перси Джексоне! Рик Риордан отдает дань уважения Жюлю Верну и его роману \"Двадцать тысяч лье под водой\".Ана Даккар - первокурсница Гардинг-Пенкроф, академии, выпускающей лучших морских ученых, военно-морских специалистов, мореплавателей и подводных исследователей. В конце учебного года Ану ждет экзамен, подробности которого держатся в строжайшей тайне. Девушка может только надеяться, что пройти это испытание ей под силу. Но однажды по пути на корабль Ана и ее одноклассники становятся свидетелями катастрофы, которая навсегда изменит их жизни. Ребята узнают, что Академия Гардинг-Пенкроф уже сто пятьдесят лет противостоит конкурирующей школе Лэнд Инститьют. И теперь тайная борьба превратилась в открытую войну! Чтобы не стать кормом для рыб, Ане и ее друзьям предстоит отправиться в полное опасностей подводное путешествие, выиграть гонку со временем и смертельными врагами... и сделать открытия, которые изменят будущее человечества. Ана станет лидером группы и узнает, в чем заключаются ее предназначение и наследие!',2025,411,'ru','2025-02-10'),(13,'9785047143941',2,6,'https://books.google.com:443/books/content?id=bvxDEQAAQBAJ&printsec=frontcover&img=1&zoom=3&edge=curl&source=gbs_api','Осторожно, это мои границы! Как не давать себя в обиду','Если близкие или сверстники заставляют тебя делать то, что ты не хочешь: >Дай поносить эту вещь>. Вторгаются в личное пространство: <Покажи, с кем ты там общаешься в соцсетях>. Значит, пора узнать, что такое личные границы, и научиться их защищать.Мария Шаталова, детский психолог, создала самоучитель по личным границам, благодаря которому ты сможешь отстаивать свою позицию и чувствовать опору, даже в самых непростых ситуациях.Здесь вы узнаете, как:- Блокировать неприятные комментарии и непрошеные советы.- Комфортно общаться с родителями и сверстниками.- Развивать в себе стрессоустойчивость в конфликтных ситуациях.- Лучше понимать свои желания и не бояться доносить их до собеседника.ОТЗЫВ:<Незаменимый гайд для всех подростков с ответами на волнующие вопросы про отношения с родителями, друзьями, собой и миром. Много живых разборов конкретных проблем и ситуаций, через которые каждый может узнать себя, получить поддержку и практические рекомендации. Также книга будет ценным подспорьем для родителей подростков: поможет осознать, через что проходят дети в процессе взросления в современных реалиях соцсетей и гаджетов, объяснит причины острых реакций (как детских, так и своих), и тем самым научит лучше договариваться и понимать друг друга>. - Надя Нодзоми, психолог, схема-терапевтЦИТАТЫ:<Здоровые границы позволяют тебе сказать \"нет\" без чувства вины; достойно отвечать на грубость и неуважение; избегать манипуляций в свой адрес>.<Главный закон баланса между личными границами двух людей: мне ок, тебе ок>.<А папа считает, что есть только два мнения: его и неправильное. И так по всем вопросам. Это бесит ужасно, невозможно общаться. А потом он обижается, почему это я с ним ничем не делюсь>.<Различие в мнениях и идеях - не преграда для общения. Более того, мы можем расширить свое мировоззрение благодаря новым идеям - или же прокачать критическое мышление, поставив их под сомнение>.<Самые частые примеры нарушения временных границ - когда человек опаздывает, тем самым не уважая время другого>.<Чтобы определить свои собственные границы, важно быть в контакте со своими эмоциями: понимать, что ты чувствуешь в разных обстоятельствах, что для тебя нормально, а что нет>.<В сложных ситуациях важно задавать себе вопрос: это я так чувствую, это мой выбор так сказать или сделать или я просто присоединяюсь к эмоции большинства?><А если не иметь теплых отношений, то хотя бы просто принять родителей такими, какие они есть. И это может стать большой опорой во взрослой жизни>.<Ни успешная карьера, ни высокая зарплата, ни наличие семьи не перевесили значимость дружбы для субъективного ощущения счастья>.<Дружба - это когда нет главного и подчиненного, люди чувствуют себя равными, с одинаковыми правами и возможностями>.<Иногда может показаться, что ты о чем-то рассказываешь, а родителям все равно>.<Иногда в отношениях мы действительно становимся друг для друга \"мамами\" и \"папами\", но в основе здоровых отношений все же должно быть партнерство двух взрослых людей>.<Активное согласие - это принцип, по которому любой физический контакт, даже взять за руку или прикоснуться, может быть осуществлен только с согласия человека, которое он озвучил вслух, то есть сказал словами>.Если вам кажется, что вами часто пользуются близкие и сверстники, поступают несправедливо и нападают на вас без причины. Значит пора узнать, что такое личные границы и научиться их защищать. Мария Шаталова, детский психолог, создала самоучитель по личным границам, благодаря которому вы сможете отстаивать свою позицию, защищать свои потребности и чувствовать опору, даже в самые непростые ситуации.',2025,195,'ru','2025-02-10'),(14,'9785046640212',2,1,'https://books.google.com:443/books/content?id=KuEWEQAAQBAJ&printsec=frontcover&img=1&zoom=3&edge=curl&source=gbs_api','Цветы для Элджернона','Когда-то это считалось фантастикой.Сейчас это воспринимается как одно из самых человечных произведений новейшего времени, как роман пронзительной психологической силы, как филигранное развитие темы любви и ответственности.Изменения с Чарли Гордоном происходят на наших глазах, здесь и сейчас. В первых отчетах полно орфографических ошибок, ему очень трудно излагать свои мысли, постепенно он начинает писать правильно и рассказывать о событиях идеально.Гении и идиоты - две стороны одной медали. У них разные IQ, отличаются условия жизни, но они похожи в одном - часто и те, и другие бесконечно одиноки. А цена за мечту - стать умным - становится слишком высокой.У Чарли есть двойник - мышонок Элджернон, только Чарли понимает поведение мышонка и то, что ему самому отведена та же роль подопытной мыши, не больше.Роман неоднократно экранизировали в разных странах, в 1968 году в США был снят фильм <Чарли>, а актер Клифф Робертсон награжден <Оскаром>, в 2006-м был снят фильм во Франции, в 2007 году в Александринском театре был поставлен спектакль по одноименному рассказу, в 2015 году вышел фильм в Японии, и в том же году поставлен спектакль в <Таком театре> <Эффект Чарли Гордона>, режиссеры Игорь Сергеев, Варя Светлова.Никого не оставляет равнодушным.Больше интересных фактов об этой книге читайте в ЛитРес: Журнале',2024,253,'ru','2025-02-10'),(15,'9785043088888',2,1,'https://books.google.com:443/books/content?id=E9UJEAAAQBAJ&printsec=frontcover&img=1&zoom=3&edge=curl&source=gbs_api','Тревожные люди','В маленьком шведском городке накануне Нового года вооруженный пистолетом человек в маске после неудачной попытки ограбить банк захватывает восемь заложников во время показа покупателям выставленной на продажу квартиры. У подъезда тут же собирается толпа жадных до сенсаций репортеров, полиция блокирует все подступы к дому и готовится штурмовать квартиру... атмосфера накаляется. Не выдерживая нарастающего напряжения, заложники делятся друг с другом своими самыми сокровенными тайнами... Вскоре грабитель начинает склоняться к тому, что, возможно, лучше добровольно отдать себя в руки полиции, чем продолжать оставаться в замкнутом пространстве со всеми этими невыносимыми людьми...Больше интересных фактов об этой книге читайте в ЛитРес: Журнале',2020,331,'ru','2025-02-10'),(16,'9785047205151',2,5,'https://books.google.com:443/books/content?id=9s5FEQAAQBAJ&printsec=frontcover&img=1&zoom=3&edge=curl&source=gbs_api','Благословение небожителей. Тома 1-3 в одном комплекте','В незапамятные времена Се Лянь был наследным принцем государства Сяньлэ. Судьба одарила его всем: прекрасным ликом, чистыми помыслами и бесконечной любовью своих подданных. И если уж кому-то и было предначертано стать Божеством, то именно Его Высочеству.Однако удержаться на Небесах оказалось для него не так просто. Се Лянь возносился дважды и дважды был изгнан на землю. И вот спустя восемьсот лет скитаний Его Высочество вновь возвращается в Небесные чертоги. Получив своё первое задание в роли Божества, он сталкивается с таинственным и невероятно могущественным демоном...Комплект из трех томов серии: Благословение небожителей. Том 1, Благословение небожителей. Том 2 и Благословение небожителей. Том 3.',2025,1282,'ru','2025-04-03'),(17,'9789604009565',5,1,'https://books.google.com:443/books/content?id=OGpxBgAAQBAJ&printsec=frontcover&img=1&zoom=3&edge=curl&source=gbs_api','Маленький принц','Написание \"Маленького принца\" начинается во время Второй мировой войны, когда Сент-Экзюпери вынужден оставить авиацию, после вторжения Германии на французские территорий, и найти убежище в Нью-Йорке. Именно этот элемент ностальгии по детству в \"Маленьком принце\" показывает сильное желание Сент-Экзюпери вернуться во Францию и его надежду, что это произойдет в мирное время. Тема \"Маленького принца\" занимает место в пустыне Сахара. Самолёт рассказчика - пилота разбился в пустыне. Он остался с небольшой пищей и водой. Пытаясь оценить реальные трудности аварии приближается Маленьким принцем, серьёзным белокурым мальчиком, который просит, чтобы ему нарисовал барашка.',2015,113,'ru','2025-04-03'),(18,'9785041243487',2,1,'https://books.google.com:443/books/content?id=1D5mDwAAQBAJ&printsec=frontcover&img=1&zoom=3&edge=curl&source=gbs_api','Алхимик','<Алхимик> - самый известный роман Пауло Коэльо, полюбившийся миллионам людей во всем мире, и который по праву попал в книгу рекордов Гиннеса как самый переводимый роман.Главный герой, пастух Сантьяго, живет в Андалусии. Однажды он увидел сон, который манил его отправиться к египетским пирамидам, чтобы найти там сокровище. По совету старика Мельхиседека, царя Салима, Сантьяго продает своих овец и отправляется в Африку. Череда событий в конце концов приводит юношу к Алхимику. Тот учит его, как познать самого себя, Свою Стезю и Душу Мира. Пройдя все испытания, уготованные ему свыше, Сантьяго находит сокровище.<Добиться воплощения Своей Судьбы - вот единственная подлинная обязанность человека...> - утверждает Пауло Коэльо.',2018,144,'ru','2025-04-03'),(19,'9785961420043',4,1,'https://books.google.com:443/books/content?id=o37NAhf9mBMC&printsec=frontcover&img=1&zoom=3&edge=curl&source=gbs_api','Атлант расправил плечи','Айн Рэнд (1905-1982) - наша бывшая соотечественница, ставшая крупнейшей американской писательницей. Автор четырех романов-бестселлеров и многочисленных статей. Создатель философской концепции, в основе которой лежит принцип свободы воли, главенство рациональности и <нравственность разумного эгоизма>. Ее книги читает весь мир. В США она завоевала огромную популярность, ее романы переиздаются из года в год и по совокупности тиражей конкурируют с Библией. Всемирное признание Айн Рэнд нетрудно объяснить: исключительный дар предвидения в самых разных областях - политике, бизнесе, экономике, общественных отношениях - в сочетании с художественной одаренностью принесли ей славу большого писателя и проницательного мыслителя. <Атлант расправил плечи>, самое значимое произведение своей жизни, она писала 12 лет.',2008,1131,'ru','2025-04-03'),(20,'9785040861118',2,1,'https://books.google.com:443/books/content?id=2C85DwAAQBAJ&printsec=frontcover&img=1&zoom=3&edge=curl&source=gbs_api','Код да Винчи 10+','Роберт Лэнгдон, профессор Гарварда, приезжает в Париж, чтобы прочитать лекцию в Американском университете, а еще встретиться с хранителем Лувра Жаком Соньером. Но тем же вечером Роберт узнает, что хранитель мертв и основным подозреваемым в этом деле оказывается он сам. Помочь Роберту сможет только Софи Невё, внучка хранителя, но у них не так много времени, чтобы доказать невиновность Лэнгдона, а главное - разгадать послание, которое Жак Соньер оставил им перед смертью. В противном случае правда, тщательно охраняемая веками, будет утеряна навсегда...',2017,428,'ru','2025-04-03'),(21,'9788826077031',6,1,'https://books.google.com:443/books/content?id=_t_SDwAAQBAJ&printsec=frontcover&img=1&zoom=3&edge=curl&source=gbs_api','Мастер и Маргарита','Жанровая уникальность <Мастера и Маргариты> не позволяет как-то однозначно определить булгаковский роман. Очень хорошо это подметил американский литературовед М. Крепе в своей книге <Булгаков и Пастернак как романисты: Анализ романов <Мастер и Маргарита> и <Доктор Живаго>: <Роман Булгакова для русской литературы, действительно, в высшей степени новаторский, а потому и нелегко дающийся в руки. Только критик приближается к нему со старой стандартной системой мер, как оказывается, что кое-что так, а кое-что совсем не так. Фантастика наталкивается на сугубый реализм, миф на скрупулезную историческую достоверность, теософия на демонизм, романтика на клоунаду>. Если добавить еще, что действие ершалаимских сцен <Мастера и Маргариты> - романа Мастера о Понтии Пилате происходит в течение одного дня, что удовлетворяет требованиям классицизма, то можно с уверенностью сказать, что в булгаковском романе соединились весьма органично едва ли не все существующие в мире жанры и литературные направления. Тем более, что достаточно распространены определения <Мастера и Маргариты> как романа символистского, постсимволистского или неоромантического. Кроме того, его вполне можно назвать и постреалистическим романом. С модернистской и постмодернистской, авангардистской литературой <Мастера и Маргариту> роднит то, что романную действительность, не исключая и современных московских глав, Булгаков строит почти исключительно на основе литературных источников, а инфернальная фантастика глубоко проникает в советский быт. В первой редакции роман имел варианты названий: <Черный маг>, <Копыто инженера>, <Жонглер с копытом>, <Сын Велиара>, <Гастроль Воланда>. Первая редакция <Мастера и Маргариты> была уничтожена автором 18 марта 1930 г. после получения известия о запрете пьесы <Кабала святош>. Об этом Булгаков сообщил в письме правительству 28 марта 1930 г.: <И лично я, своими руками, бросил в печку черновик романа о дьяволе...> Вторая редакция <Мастера и Маргариты>, создававшаяся вплоть до 1936 г., имела подзаголовок <Фантастический роман> и варианты названий: <Великий канцлер>, <Сатана>, <Вот и я>, <Шляпа с пером>, <Черный богослов>, <Он появился>, <Подкова иностранца>, <Он явился>, <Пришествие>, <Черный маг> и <Копыто консультанта>. Третья редакция <Мастера и Маргариты>, начатая во второй половине 1936 г. или в 1937 г., первоначально называлась <Князь тьмы>, но уже во второй половине 1937 г. появилось хорошо известное теперь заглавие <Мастер и Маргарита>. В мае - июне 1938 г. фабульно завершенный текст <Мастера и Маргариты> впервые был перепечатан. Авторская правка машинописи началась 19 сентября 1938 г. и продолжалась с перерывами почти до самой смерти писателя. Булгаков прекратил ее 13 февраля 1940 г., менее чем за четыре недели до кончины, на фразе Маргариты: <Так это, стало быть, литераторы за гробом идут?>. В настоящем издании представлен подлинный текст романа <Мастер и Маргарита> в последней прижизненной редакции (рукописи хранятся в отделе рукописей Российской государственной библиотеки).',2024,487,'ru','2025-04-03'),(22,'9785041573348',2,1,'https://books.google.com:443/books/content?id=j-6KDwAAQBAJ&printsec=frontcover&img=1&zoom=3&edge=curl&source=gbs_api','Убить пересмешника','Штат Алабама, 1930-е годы, время Великой депрессии и расцвет расовой нетерпимости на юге Америки. Адвокат Аттикус Финч защищает чернокожего, обвинённого в преступлении, которого он не совершал. А ещё это история о том, как двое его детей, которых он растит в одиночку, делают первые шаги из мира фантазий во взрослый мир и на собственном опыте узнают, что такое благородство, сострадание и справедливость.Создавая графический роман <Убить пересмешника>, художник Фред Фордэм не стремился заново переписать роман Харпер Ли, напротив - в своих иллюстрациях он сохранил дух оригинального произведения, ставшего культовым для нескольких поколений.',2019,282,'ru','2025-04-03'),(23,'9785043508324',2,5,'https://books.google.com:443/books/content?id=Xb1SEAAAQBAJ&printsec=frontcover&img=1&zoom=3&edge=curl&source=gbs_api','Сестра ночи','Вианне и ее сестрам удалось вырваться из плена верховного короля, но опасность, которая угрожает миру людей, не миновала. Месть демона будет страшна, новый удар должен быть предотвращен незамедлительно.С каждым днем Регулюс обретает все большее могущество. В его руках Монеты изобилия и самарий - металл, который делает войско врага невосприимчивым к магии. Переломить ход битвы должно помочь противоядие, что изготовить по силам только ведьмам.Но планы рушатся: старинный гримуар, фамильная книга заклинаний, открывает ведьмам таинственное древнее пророчество. И теперь Вианне предстоит отправиться на полтора тысячелетия назад, чтобы разгадать послание. Возможно, именно там - ключ к спасению будущего всего мира.',2021,548,'ru','2025-04-03'),(24,'9785041241308',2,1,'https://books.google.com:443/books/content?id=iD5mDwAAQBAJ&printsec=frontcover&img=1&zoom=3&edge=curl&source=gbs_api','Жизнь взаймы, или У неба любимчиков нет','Ранее роман публиковался под названием <Жизнь взаймы> в сокращенном журнальном варианте 1959 года. В данном издании публикуется окончательный книжный вариант 1961?года.Эту жизнь герои отвоевывают у смерти! Когда терять уже нечего, когда один стоит на краю гибели, так и не узнав жизни, а другому она стала невыносима. И, как всегда у Ремарка, только любовь и дружба остаются незыблемыми. Только в них можно найти точку опоры...В 1977 году по книге был снят фильм с легендарным Аль Пачино.',2018,324,'ru','2025-04-03'),(25,'9785386127558',7,1,'https://books.google.com:443/books/content?id=2TS-DwAAQBAJ&printsec=frontcover&img=1&zoom=3&edge=curl&source=gbs_api','Город женщин','Любимица миллионов читателей Элизабет Гилберт отважно исследует вопросы женской сексуальности, границы вольности нравов и отличительные черты истинной любви. <Город женщин>, роман о молодых героинях в сверкающем и дерзком театральном мире Нью-Йорка 1940-х, это еще одна история о барьерах, с которыми девушки сталкиваются - и которые преодолевают - в поисках радости жизни.',2019,463,'ru','2025-04-03'),(26,'9785043072634',2,1,'https://books.google.com:443/books/content?id=dmYUEAAAQBAJ&printsec=frontcover&img=1&zoom=3&edge=curl&source=gbs_api','Девятый Дом','Алекс Стерн не похожа на других первокурсников Йельского университета. Она выросла на задворках Лос-Анджелеса, рано бросила школу, дружила с плохими парнями и перебивалась случайными заработками. В двадцать лет Алекс выжила в ужасной бойне - и благодаря этой трагедии загадочным образом получила шанс стать студенткой одного из самых престижных университетов мира. Почему она? И в чем тут подвох? В Нью-Хейвене к вопросам, которые терзают Алекс, прибавляются новые. Запрещенная магия, секретные общества, порочная элита Лиги плюща... Что за страшные тайны скрываются в древних, благопристойных стенах Йеля?',2020,528,'ru','2025-04-01'),(27,'9785047330044',2,5,'https://books.google.com:443/books/content?id=x89NEQAAQBAJ&printsec=frontcover&img=1&zoom=3&edge=curl&source=gbs_api','Последняя буква Севера. Книга вторая','Я совершила ошибку. Большую. Потеряла лучшего друга и свою гордость. Если в школе узнают о том, что произошло в тот роковой вечер в доме Рэма, то выпускной класс превратится для меня в ад.Как вернуть дружбу, спасти себя и не дать развалиться группе <Норд>, в которой произошел раскол только из-за меня? Как разобраться в своих чувствах и спасти осколки своего сердца, если с каждым днем меня все сильнее тянет к Джейку Элфорду?Заключительная часть дилогии о Микки и Джейке.',2025,412,'ru','2025-04-01'),(28,'9785042394799',2,1,'https://books.google.com:443/books/content?id=tYkREAAAQBAJ&printsec=frontcover&img=1&zoom=3&edge=curl&source=gbs_api','Восхитительная ведьма','Пожелайте мне удачи. Я покоряю человека с железным сердцем, каменными плечами и ужасным характером. Я не знаю, чего мне хочется больше - придушить или обнять его. Он зануда, который старается все делать правильно, но совершает такие безбашенные поступки, на которые я никогда не решилась бы. Он университетский преподаватель, а я старшекурсница. Пока он не знает, что станет моим парнем. Но ведь это дело времени, правда? Я добьюсь его во что бы то ни стало.',2022,575,'ru','2025-04-01'),(29,'9785045412155',2,1,'https://books.google.com:443/books/content?id=fOK8EAAAQBAJ&printsec=frontcover&img=1&zoom=3&edge=curl&source=gbs_api','Маятник птиц','После смерти отца Анна вместе с братом создала <Феникс> - организацию, помогающую людям. Их клиенты - женщины, страдающие от мужей-абьюзеров, одинокие старики, неизлечимо больные и люди, потерявшие близких. Те, кто нуждается в участии. Люди в беде.Однажды брат Анны бесследно исчезает, и она в одночасье превращается в клиента собственного агентства. Поиск брата заводит в неожиданную сторону, заставляя погружаться в себя и мрачные тайны семейного прошлого, которое оказывается не совсем таким, как Анна привыкла считать.Анаит Григорян, писатель, автор бестселлера <Поселок на реке Оредеж>:<Исцеляющая книга, которая возвращает веру в людей и дает надежду на победу над несправедливостью и одиночеством>.',2023,509,'ru','2025-04-01'),(30,'9785001120186',8,1,'https://books.google.com:443/books/content?id=5sfBEAAAQBAJ&printsec=frontcover&img=1&zoom=3&edge=curl&source=gbs_api','Гордость и предубеждение','<Гордость и предубеждение> Джейн Остин - шедевр мировой литературы, предзнаменовавший развитие психологического романа и феминистской прозы. Впервые опубликованный более 200 лет назад, он не теряет своей популярности и актуальности, соединяя в себе невероятное литературное мастерство его создательницы с веселой и непосредственной манерой и легкостью изложения. Роман многократно экранизировался и неизменно входит в различные рейтинги лучших книг мировой литературы. У супругов Беннет пять прекрасных дочерей, они красивы, независимы и умны. Лишь одно омрачает их любящих родителей - у них совсем нет приданого. Знаменитая история внутренней борьбы, недоверия и, конечно, любви без преград выписана с неподражаемым психологизмом и тонким английским юмором.',2017,389,'ru','2025-04-01'),(31,'9785457708020',2,1,'https://books.google.com:443/books/content?id=-ad0BgAAQBAJ&printsec=frontcover&img=1&zoom=3&edge=curl&source=gbs_api','Облачный полк','Сегодня писать о войне - о той самой, Великой Отечественной, - сложно. Потому что много уже написано и рассказано, потому что сейчас уже почти не осталось тех, кто ее помнит. Писать для подростков сложно вдвойне. Современное молодое поколение, кажется, интересуют совсем другие вещи...Оказывается, нет! Именно подростки отдали этой книге первое место на Всероссийском конкурсе на лучшее литературное произведение для детей и юношества <Книгуру>. Именно у них эта пронзительная повесть нашла самый живой отклик. Сложная, неоднозначная, она порой выворачивает душу наизнанку, но и заставляет лучше почувствовать и понять то, что было.Перед глазами предстанут они: по пояс в грязи и снегу, партизаны конвоируют перепуганных полицаев, выменивают у немцев гранаты за знаменитую лендлизовскую тушенку, отчаянно хотят отогреться и наесться. Вот Димка, потерявший семью в первые дни войны, взявший в руки оружие и мечтающий открыть наконец счет убитым фрицам. Вот и дерзкий Саныч, заговоренный цыганкой от пули и фотокадра, болтун и боец от бога, боящийся всего трех вещей: предательства, топтуна из бабкиных сказок и строгой девушки Алевтины. А тут Ковалец, заботливо приглаживающий волосы франтовской расческой, но смелый и отчаянный воин. Или Шурик по кличке Щурый, мечтающий получить наконец свой первый пистолет...Двадцатый век закрыл свои двери, унеся с собой миллионы жизней, которые унесли миллионы войн. Но сквозь пороховой дым смотрят на нас и Саныч, и Ковалец, и Алька и многие другие. Кто они? Сложно сказать. Ясно одно: все они - облачный полк.<Облачный полк> - современная книга о войне и ее героях, книга о судьбах, о долге и, конечно, о мужестве жить. Книга, написанная в канонах отечественной юношеской прозы, но смело через эти каноны переступающая. Отсутствие <геройства>, простота, недосказанность, обыденность ВОЙНЫ ставят эту книгу в один ряд с лучшими произведениями ХХ века.Помимо <Книгуру>, <Облачный полк> был отмечен также премиями им. В. Крапивина и им. П. Бажова, вошел в лонг-лист премии им. И. П. Белкина и в шорт-лист премии им. Л. Толстого <Ясная Поляна>.',2015,307,'ru','2025-04-01'),(32,'9785864717929',9,1,'https://books.google.com:443/books/content?id=gxNtDwAAQBAJ&printsec=frontcover&img=1&zoom=3&edge=curl&source=gbs_api','С жизнью наедине','1974-й. Лени тринадцать лет, ее отец недавно вернулся с вьетнамской войны. Вернулся совсем не таким, как прежде, - злым на весь мир, растерянным и сломленным. А вскоре получил наследство - небольшой участок земли там, где почти нет людей, где лишь прекрасная, пусть и суровая природа, - на Аляске. И вскоре Лени с родителями отправляются в этот загадочный и неведомый мир. И поначалу кажется, что Аляска отвечает всем их надеждам и ожиданиям. В этом диком краю они находят сообщество сильных мужчин и еще более сильных женщин. Но приближается зима, и на Аляску медленно опускаются тьма и холод, которые обратят отца в дикого зверя. И то, что начиналось как приключение, оборачивается драмой. Лени и ее матери предстоит узнать, что Аляска не только прекрасна, но и ужасна, что она может как спасти, так и погубить. В этом краю каждый день ставит человека перед выбором между жизнью и смертью. В этой глуши, на самой окраине цивилизации, человек понимает себе истинную цену. 1978-й. Лени уже взрослая девушка, она освоилась в диком краю, полюбила его, стала своей. В ее жизнь вошла любовь, она мечтает о будущем. Но прошлое цепко держит ее, не желая отпускать. И драма стремительно перерастает в трагедию. Новый роман Кристин Ханны - невероятной интенсивности семейная сага, полная бурных событий и сильных чувств. История любви и почти шекспировская драма разворачиваются на фоне прекрасных пейзажей Аляски.',2018,511,'ru','2025-04-01'),(33,'9785392171323',10,1,'https://books.google.com:443/books/content?id=VOTMBgAAQBAJ&printsec=frontcover&img=1&zoom=3&edge=curl&source=gbs_api','В списках не значился','Борис Львович Васильев (1924-2013) выдающийся русский писатель, фронтовик, автор замечательных и любимых миллионами книг, среди которых \"А зори здесь тихие...\", \"Завтра была война\", \"Вы чье старичье?\", \"Не стреляйте в белых лебедей\". По сценариям Бориса Васильева сняты десятки кинокартин - искренних, трогательных, настоящих, таких, например, как фильм \"Офицеры\" (1971).',2015,282,'ru','2025-04-01'),(34,'9785041353483',2,1,'https://books.google.com:443/books/content?id=K1h0DwAAQBAJ&printsec=frontcover&img=1&zoom=3&edge=curl&source=gbs_api','Последние Девушки','Десять лет назад Куинси Карпентер поехала отдыхать в <Сосновый коттедж> с пятью однокурсниками, а вернулась одна. Ее друзья погибли под ножом жестокого маньяка. Журналисты тут же окрестили ее Последней Девушкой и записали третьей к двум выжившим в похожих бойнях: Лайзе и Саманте. Вот только, в отличие от них, Куинси не помнит, что произошло в том коттедже. Ее мозг будто бы спрятал от нее воспоминания обо всех кровавых ужасах.Куинси изо всех сил старается стать обычным человеком, и ей это почти удается. Она живет с внимательным и заботливым бойфрендом, ведет популярный кондитерский блог и благодаря лекарствам почти не вспоминает о давней трагедии.Но вот Лайзу находят дома, в ванне, с перерезанными венами, а Саманта врывается в жизнь Куинси с явным намерением переворошить ее страшное прошлое и заставить вспомнить все. Какие цели она преследует?Постепенно Куинси понимает, что только вспомнив прошлое, она сможет разобраться с настоящим. Но не окажется ли цена слишком велика?',2018,410,'ru','2025-04-01'),(35,'9785457540033',2,1,'https://books.google.com:443/books/content?id=Z__LAgAAQBAJ&printsec=frontcover&img=1&zoom=3&edge=curl&source=gbs_api','Правда о деле Гарри Квеберта','Правда о деле Гарри Квеберта вышла в 2012 году и сразу стала бестселлером. Едва появившись на прилавках, книга в одной только Франции разошлась огромным тиражом и была переведена на тридцать языков, а ее автор, двадцатисемилетний швейцарец Жоэль Диккер, получил Гран-при Французской академии за лучший роман и Гонкуровскую премию лицеистов.Действие этой истории с головокружительным сюжетом и неожиданным концом происходит в США. Молодой успешный романист Маркус Гольдман мается от отсутствия вдохновения и отправляется за помощью к своему учителю, знаменитому писателю Гарри Квеберту. Однако внезапно выясняется, что помощь требуется самому Гарри, обвиненному в убийстве, которое произошло в тихом американском городке 33 года назад. Чтобы спасти Гарри от электрического стула, Маркус берется за собственное расследование и пытается распутать сложнейший клубок лжи, давно похороненных тайн и роковых случайностей. И получает тридцать один совет, как написать бестселлер.',2014,674,'ru','2025-04-01'),(36,'9785389082281',11,1,'https://books.google.com:443/books/content?id=y7ukAwAAQBAJ&printsec=frontcover&img=1&zoom=3&edge=curl&source=gbs_api','Мир глазами Гарпа','Трагикомическая сага от знаменитого автора <Отеля Нью-Гэмпшир> и <Правил виноделов>, <Мужчин не ее жизни> и <Последней ночи на Извилистой реке>, <Сына цирка> и <Четвертой руки>, панорамный бурлеск, сходный по размаху с <Бойней номер пять> Курта Воннегута или <Уловкой-22> Джозефа Хеллера. Именно <Мир глазами Гарпа> сделал Ирвинга современным классиком; роман был удостоен премии Национального книжного фонда, входил в шорт-лист Национальной книжной премии США, а также, по упорным слухам, и в шорт-лист Пулицеровской премии (оглашать пулицеровские шорт-листы начали ровно со следующего премиального года). <Мир глазами Гарпа> - это современная сага о семье, живущей в нашем беспощадном мире, члены которой пытаются, каждый по-своему и с переменным успехом, обрести гармонию. Главный герой романа - писатель, скандально знаменитый как своими книгами, так и обстоятельствами своего появления на свет; его произведения, реалистичные и абсурдные, вплетены в ткань романа. Сам автор точнее всего определил отношение будущих читателей к книге: <Она, возможно, вызовет порой улыбку даже у самого мрачного типа, однако разобьет немало чересчур нежных сердец>.',2014,539,'ru','2025-04-01'),(37,'9785042250767',2,1,'https://books.google.com:443/books/content?id=G-nJDwAAQBAJ&printsec=frontcover&img=1&zoom=3&edge=curl&source=gbs_api','Нарцисс и Златоуст','<Нарцисс и Златоуст> - философская повесть, которую наряду с <Петером Каменциндом> принято считать ключевой для творческого становления Гессе.Стилизованная под авантюрный роман позднего Средневековья история двух гениальных друзей-послушников из уединенного германского монастыря, идущих к духовному просветлению и совершенству в искусстве различными путями.Увлекательное и мудрое произведение, которое по-прежнему не утратило философской актуальности и все еще восхищает читателей тонкой изысканностью.В формате a4.pdf сохранен издательский макет книги.',2020,309,'ru','2025-04-01'),(38,'9785911036270',12,1,'https://books.google.com:443/books/content?id=MvR7EAAAQBAJ&printsec=frontcover&img=1&zoom=3&edge=curl&source=gbs_api','Когда мы перестали понимать мир','В научно-популярных книгах обычно воспеваются чудесные достижения науки в области прикладной математики, теоретической физики, химии, освоения космоса и шире, научного познания мира. Бенхамин Лабатут выбирает совсем другой угол зрения. Его новаторское <художественное произведение, основанное на реальных событиях> (хотя лучше было бы назвать этот текст нон-фикшен романом, поскольку большинство персонажей, среди которых Фриц Габер, Нильс Бор, Вернер Гейзенберг, Александр Гротендик, Эрвин Шрёдингер и др., - исторические личности, а значительная часть повествования базируется на исторических фактах) скорее воспевает чувство тревоги, сопутствующее великим научным открытиям, и обращается к темной стороне рациональности. Роман, переведенный на двадцать два языка, вошел в шорт-лист международного Букера в 2021 году и стал заметным литературным событием.',2022,179,'ru','2025-04-01'),(39,'9785041456078',2,1,'https://books.google.com:443/books/content?id=KRh9DwAAQBAJ&printsec=frontcover&img=1&zoom=3&edge=curl&source=gbs_api','Меж двух времен','Джек Финней (1911-1995) - знаменитый американский писатель-фантаст. Большая часть его рассказов и повестей, как и роман <Меж двух времен>, написанный в 1970 году, посвящены времени и путешествиям в другие эпохи.Главное произведение писателя - <Меж двух миров> - выдержало огромное количество переизданий практически на всех языках мира. Автору удалось описать Нью-Йорк столетней давности с большой достоверностью и вниманием к деталям, точнейшей <привязкой к местности>. Финней успешно работал и в других жанрах: детективы, триллеры. <Вторжение похитителей тел> - роман о зловещих инопланетянах - тоже стал легендарным и экранизировался несколько раз. А один из рассказов Финнея даже послужил основой нью-йоркской городской легенды. История о сбитом на Таймс-сквер человеке, в карманах которого нашли письмо из 1876 года, быстро распространилась и цитировалась в сотнях книг и статей как доказательство реальности перемещений во времени.',2022,425,'ru','2025-04-01'),(40,'9785047476759',2,1,'https://books.google.com:443/books/content?id=1QBYEQAAQBAJ&printsec=frontcover&img=1&zoom=3&edge=curl&source=gbs_api','Крапива','Не тронь, не гляди, не ходи за нею след в след! Крапива на то и крапива, что обожжет: не тело, так сердце! Не будет покоя после встречи с проклятой девкой ни княжичу срединному, ни сыну Мертвых земель. Оба сон потеряют, с врагом хлеб-соль делить станут, лишь бы ей угодить. А и где тот враг? Из степи ли придет али из Срединных земель? И устоит ли маленькая деревушка на границе, когда грудь в грудь сойдутся две силы?',2025,426,'ru','2025-07-01'),(41,'9785045038577',2,1,'https://books.google.com:443/books/content?id=-wuVEAAAQBAJ&printsec=frontcover&img=1&zoom=3&edge=curl&source=gbs_api','Курьер по особым поручениям','Добрый день, магистр-командующий! Меня зовут Лара Донован, и я ваш новый курьер по особым поручениям! Хочу заверить, что я одна из лучших в своем деле, так что можете во всем на меня положиться. А это, кстати, документы для вас. Видите, почти как новенькие!',2022,425,'ru','2025-07-01'),(42,'9785046539554',2,1,'https://books.google.com:443/books/content?id=XDQREQAAQBAJ&printsec=frontcover&img=1&zoom=3&edge=curl&source=gbs_api','Аркан 22','Младший лейтенант Алексей Никитин всегда был логиком и скептиком. За дело об исчезновении людей, чьи личности и судьбы словно списаны с архетипов Таро, он по личным причинам берется с живым азартом. Вскоре на пути Алексея встречается симпатичная ведьма с бездонными глазами, в морге оживает труп, а коллега оказывается приспешником злого мага. В городе творится чертовщина и, кажется, готовится опасный ритуал с человеческими жертвами. Чтобы победить зло, Алексей должен в него поверить. Захочет ли он вступить в круг двадцати двух и принять магическую силу собственного аркана?',2024,230,'ru','2025-07-01'),(43,'9785047355733',2,1,'https://books.google.com:443/books/content?id=KXxSEQAAQBAJ&printsec=frontcover&img=1&zoom=3&edge=curl&source=gbs_api','Окаянные гастроли','Исторический роман с элементами магического реализма от автора бестселлеров <Оранжевый гид> по Парижу и <Профессия путешественник>. Российская империя. 1913 год. Шурочка Алексеева - девушка из хорошей петербургской семьи - мечтает стать актрисой вопреки воле отца. Попав под чарующее обаяние режиссера Григория Рахманова, она сбегает с его труппой на гастроли по всей стране. Но оказывается, что маэстро не просто ставит спектакли, а проводит тайный и рискованный эксперимент над своими актерами. Сумеет ли Шурочка выдержать не только опасные опыты Григория, но и путешествие по шаманскому лесу, тифозный поезд, Первую мировую, революцию и новую советскую реальность?',2025,242,'ru','2025-07-01'),(44,'9785457279872',2,1,'https://books.google.com:443/books/content?id=CfphAAAAQBAJ&printsec=frontcover&img=1&zoom=3&edge=curl&source=gbs_api','Дымка','<Дымка> - это лучшее произведение, вышедшее из-под пера выдающегося американского писателя и художника Джемса Виля (1892-1942).Действие повести происходит в Соединенных Штатах начала 20-го века. В те дни, когда жители Америки постепенно пересаживаются из лошадиных седел в автомобильные кресла, в западных степях рождается жеребенок, которому суждено стать одним из лучших ковбойских коней современности, грозой прерий и гордостью хозяина.Жеребцу Дымке довелось побывать в лапах похитителей, пережить множество приключений и невзгод и наконец, через много лет разлуки, встретиться с другом своей юности - ковбоем Клинтом, продолжающим помнить и нежно любить своего старого скакуна.',2022,173,'ru','2025-07-01'),(45,'9785046798760',2,1,'https://books.google.com:443/books/content?id=1U8pEQAAQBAJ&printsec=frontcover&img=1&zoom=3&edge=curl&source=gbs_api','Ржавчина и соль','НОВИНКА ОТ ТЕРИ НОВА!Первая часть новой авторской трилогии <Оттенки чувств> от автопокупаемого автора сентиментальной прозы Тери Нова!Убийства, страсть, любовь - все есть в книге <Теневая палитра>.Суммарный тираж автора уже перевалил за 20 000 экземпляров!Элси Грин бежит от прошлого, пытаясь начать жизнь с нуля. Новое имя, внешность, город и друзья. Внезапно легенды, которые мама рассказывала ей в детстве, перестают быть выдумкой. Даже та, в которой зверь с зелеными глазами крадет душу при помощи одного только взгляда. Джош Холл - хладнокровный убийца, процветающий во мраке, работающий по обе стороны закона. Для нее он всегда был тенью, приставленной, чтобы защищать, наблюдать, но не иметь возможности прикоснуться, ведь она - девушка его друга. Кажется, что настоящие монстры существуют в реальности. Они больше не прячутся в темноте. И только Джош может спасти Элси от опасности. Судьба уже соединила их крепкой нитью, которую не в силах разорвать даже смерть.Подойдет любителям Аны Шерри и Сары Шпринц.',2024,325,'ru','2025-07-01'),(46,'9785046808896',2,5,'https://books.google.com:443/books/content?id=QGoqEQAAQBAJ&printsec=frontcover&img=1&zoom=3&edge=curl&source=gbs_api','Ведьма Алика. Психотерапия для демонов','Девушку по имени Алика травят в школе. Чтобы защититься, школьница врет, что она ведьма и может навести на обидчиков смертельную порчу. Кто бы знал, что одноклассники ей поверят и даже начнут обращаться за помощью!Опираясь на книги по психологии, Лика начинает давать <магические консультации>. Она уверена, что корень всех проблем не мистические проклятья и порча, а неверные выборы и ошибки.Но что, если невинная ложь запустит цепочку событий, которая приведет девушку к встрече с настоящим колдовством, и однажды ей придется давать консультацию не человеку?И кто тот таинственный юноша, что постоянно следит за Аликой?',2024,329,'ru','2025-07-01'),(47,'9785047195308',2,1,'https://books.google.com:443/books/content?id=81NEEQAAQBAJ&printsec=frontcover&img=1&zoom=3&edge=curl&source=gbs_api','Тайна Дома трех вязов','НАЦИОНАЛЬНЫЙ БЕСТСЕЛЛЕР ФРАНЦИИ.Раскрытие невозможного убийства = решение головоломки? Как бы не так...О чем думал граф Ив де Монталабер, когда приглашал в свое поместье <Дом трех вязов> этих четверых: знаменитого генерала, уважаемого доктора, модного журналиста и жену бизнес-конкурента? Это известно только пятому и самому важному гостю - легендарному сыщику Луи Форестье. Между графом и детективом существовал тайный уговор. Впрочем, исполнить его уже невозможно: в самый разгар уютного вечера графа убили. В комнате, запертой изнутри...Теперь детектив Форестье должен расследовать не то, что ему поручил граф, а неожиданное и невозможное убийство своего нанимателя. Под подозрением, разумеется, оказываются все в особняке. Но то, что кажется классическим герметичным убийством с замкнутым кругом подозреваемых, оказывается лишь ключом к еще более сложной загадке...В <Доме трех вязов> ничего не происходит просто так. Нельзя верить ни своим глазам, ни своим ушам, ни даже своему разуму. Здесь все - словно игра, паззл, который предстоит собрать опытному детективу...<Если вам нравится играть в \"Клуэдо\", вы будете в восторге от истории, развурнувшейся в этом поместье.> - Elle<Блестящая композиция, саспенс сохраняется в потоке поразительных сюжетных поворотов.> - L\'Eveil de le Haute-Loire<Сначала тебе кажется, что перед тобой лежит еще один классический герметичный детектив, но потом ты понимаешь, что он не так прост, и все это время автор водил тебя за нос. Но с каким упоением приходит это осознание! Игроки меняют свои роли, декорации падают и обнажается правда. Вы получите истинное удовольствие от того, как ловко вас обманули.> - Регина Скородумова, бренд-менеджер Inspiria',2025,333,'ru','2025-07-01'),(48,'9785047462912',2,1,'https://books.google.com:443/books/content?id=GDtaEQAAQBAJ&printsec=frontcover&img=1&zoom=3&edge=curl&source=gbs_api','Без вести пропавшие','Автор - полковник полиции, член Международной Ассоциации ветеранов подразделения антитеррора <Альфа>, под руководством которого и при личном участии раскрыто 60 убийств, задержано более 100 преступников, разыскиваемых за совершение тяжких и особо тяжких преступлений.Это загадочное происшествие вызвало резонанс международного масштаба.28 августа 2006 года женская сборная Конго проиграла Чемпионат Мира по футболу и покинула Москву. Но команда уехала не в полном составе, среди спортсменок не оказалось полузащитницы Шарман Нсимбы.Выяснилось, что накануне ночью чернокожая девушка вышла из гостиницы, прошлась по Тверской, кому-то позвонила по мобильному телефону, и с тех пор больше ее никто не видел.Сотрудники ФСБ установили, что номер абонента, которому звонила спортсменка, <бился> в районе Строгино. Оперативная группа уголовного розыска быстро проверила все местные стриптиз-клубы и подпольные бордели, но темнокожие девушки там никогда не появлялись. Наконец появилась серьезная зацепка. Молодой опер Протасов сообщил важную новость: его агент, внедренный в преступную группировку, передал, что ночью братва привезла в один из элитных массажных салонов избитую негритянку. По описанию она была очень похожа на Нсимбу. ОМОН тотчас ворвался в притон. Бойцы перевернули все вверх дном, но чернокожей девушки там не оказалось.И тут случилось то, что шокировало всю опергруппу. Вдруг перестал выходить на связь агент Протасова. Словно в воду канул. Специалисты проверили телефон опера, по которому он связывался со своим человеком. Никаких входящих или исходящих звонков на этот телефон не поступало вообще...<Книга интересная, правильная и нужная. Увлекает с первых страниц и погружает читателя в работу легендарного МУРа по розыску без вести пропавших людей. Мы становимся частью команды оперативников и видим всю работу по розыску пропавших изнутри от начала до конца.А самое главное, что в книге все настоящее. И истории, и герои.С нетерпением жду продолжения>. - Герой России, полковник полиции Александр Головашкин',2025,173,'ru','2025-07-01'),(49,'9785046303087',2,8,'https://books.google.com:443/books/content?id=BPMFEQAAQBAJ&printsec=frontcover&img=1&zoom=3&edge=curl&source=gbs_api','Человек без истории','Роман (пока еще) не экранизированный Уэсом Андерсоном.Анри Рейль ведет неприметную жизнь, но когда он обнаруживает, что его жена украла самую драгоценную вещь, чтобы подарить своему любовнику (запонки его деда), он отправляется в опасное путешествие по всему миру, чтобы найти человека, который их подарил. Все время от немецких архивов до стены в Мексике и наркокартеля в аргентинских джунглях за ним следует таинственный человек в шляпе и плаще...<Если вы хотите окунуться в атмосферу фильмов \"Отель <Гранд Будапешт>\", \"Французский вестник\" или \"Поезд на Дарджилинг\" - перед вами нужная книга>. - Googreads<Потрясающая кинематографичность сюжета! Захватывающий, ироничный роман для отдыха нервной системы>. - Amazon',2024,159,'ru','2025-07-01');
/*!40000 ALTER TABLE `books` ENABLE KEYS */;
UNLOCK TABLES;

--
-- Table structure for table `categories`
--

DROP TABLE IF EXISTS `categories`;
/*!40101 SET @saved_cs_client     = @@character_set_client */;
/*!50503 SET character_set_client = utf8mb4 */;
CREATE TABLE `categories` (
  `id_category` int NOT NULL AUTO_INCREMENT,
  `name_category_eng` varchar(200) NOT NULL,
  `name_category_ru` varchar(200) NOT NULL,
  PRIMARY KEY (`id_category`),
  UNIQUE KEY `name_category_eng` (`name_category_eng`),
  UNIQUE KEY `name_category_ru` (`name_category_ru`)
) ENGINE=InnoDB AUTO_INCREMENT=9 DEFAULT CHARSET=utf8mb4 COLLATE=utf8mb4_0900_ai_ci;
/*!40101 SET character_set_client = @saved_cs_client */;

--
-- Dumping data for table `categories`
--

LOCK TABLES `categories` WRITE;
/*!40000 ALTER TABLE `categories` DISABLE KEYS */;
INSERT INTO `categories` VALUES (1,'Fiction','Художественная литуратура'),(2,'Science','Наука'),(3,'Business & Economics','Бизнес и экономика'),(4,'Language Arts & Disciplines','Языковые искусства и дисциплины'),(5,'Young Adult Fiction','Художественная литература для молодых людей'),(6,'Psychology','Психология'),(7,'Cooking','Кулинария'),(8,'Humor','Юмор');
/*!40000 ALTER TABLE `categories` ENABLE KEYS */;
UNLOCK TABLES;

--
-- Table structure for table `collections`
--

DROP TABLE IF EXISTS `collections`;
/*!40101 SET @saved_cs_client     = @@character_set_client */;
/*!50503 SET character_set_client = utf8mb4 */;
CREATE TABLE `collections` (
  `id_collection` int NOT NULL AUTO_INCREMENT,
  `id_user` int NOT NULL,
  `title_collection` varchar(255) NOT NULL,
  `description_collection` text,
  `created_date` date NOT NULL,
  `status_collection` enum('На рассмотрении','Обнаружено нарушение','Одобрено','Отказано') NOT NULL,
  PRIMARY KEY (`id_collection`),
  KEY `id_user` (`id_user`),
  CONSTRAINT `collections_ibfk_1` FOREIGN KEY (`id_user`) REFERENCES `users` (`id_user`)
) ENGINE=InnoDB AUTO_INCREMENT=37 DEFAULT CHARSET=utf8mb4 COLLATE=utf8mb4_0900_ai_ci;
/*!40101 SET character_set_client = @saved_cs_client */;

--
-- Dumping data for table `collections`
--

LOCK TABLES `collections` WRITE;
/*!40000 ALTER TABLE `collections` DISABLE KEYS */;
INSERT INTO `collections` VALUES (1,3,'Лучшие книги 2025','Подборка лучших книг года','2025-03-01','Одобрено'),(2,1,'Классика на все времена','Книги, которые должен прочитать каждый','2025-03-02','Одобрено'),(3,2,'Научная фантастика','Лучшие произведения жанра','2025-03-03','Отказано'),(4,6,'Психология и саморазвитие','Книги для личностного роста','2025-03-04','Одобрено'),(5,7,'Детективы и триллеры','Захватывающие истории','2025-03-05','Одобрено'),(6,8,'Фэнтези и магия','Мир магии и приключений','2025-03-06','Одобрено'),(7,10,'Исторические романы','Погружение в прошлое','2025-03-07','Отказано'),(8,3,'Книги для вдохновения','Мотивирующие произведения','2025-03-08','Одобрено'),(9,1,'Современная проза','Актуальные книги','2025-03-09','Одобрено'),(10,2,'Бизнес и финансы','Книги для успеха','2025-03-10','Одобрено'),(11,6,'Любимые книги детства','Воспоминания из детства','2025-03-11','Одобрено'),(12,7,'Книги о любви','Романтические истории','2025-03-12','Одобрено'),(13,8,'Книги о путешествиях','Вдохновение для новых поездок','2025-03-13','Одобрено'),(14,10,'Книги о науке','Популярная наука для всех','2025-03-14','На рассмотрении'),(15,3,'Книги для души','Произведения, которые трогают сердце','2025-03-15','Отказано'),(16,1,'Русская классика','Лучшие произведения русской литературы','2025-03-16','Одобрено'),(17,2,'Антиутопии','Книги о возможном будущем человечества','2025-03-17','Одобрено'),(18,6,'Психология для жизни','Книги, которые помогут разобраться в себе','2025-03-18','Одобрено'),(19,7,'Фэнтези-бестселлеры','Самые популярные книги в жанре фэнтези','2025-03-19','Одобрено'),(20,8,'Книги, меняющие сознание','Произведения, после которых вы посмотрите на мир иначе','2025-03-20','Одобрено'),(21,10,'Современная проза','Актуальные произведения наших дней','2025-03-21','На рассмотрении'),(22,1,'Книги для саморазвития','Литература для личностного роста','2025-03-22','Одобрено'),(23,2,'Исторические романы','Художественные произведения на основе реальных событий','2025-03-23','Одобрено'),(24,6,'Научно-популярная литература','Сложные научные концепции простым языком','2025-03-24','Одобрено'),(25,7,'Детективы и триллеры','Захватывающие истории с интригующим сюжетом','2025-03-25','Одобрено'),(26,2,'Классика мировой литературы','Эти книги прошли проверку временем, их читают поколениями, а их герои и идеи стали частью нашей культуры. От масштабных эпопей до глубоких философских романов — здесь собраны шедевры, без которых невозможно представить мировую литературу.','2025-05-10','На рассмотрении'),(27,23,'Фэнтези и мистика','Любите погружаться в миры, где возможны чудеса, древние пророчества и тайные силы? В этой подборке — книги, где реальность переплетается с мистикой, а герои сталкиваются с невероятными испытаниями.','2025-05-05','На рассмотрении'),(28,24,'Психология и саморазвитие','Эти книги помогут разобраться в своих эмоциях, выстроить границы, научиться управлять финансами и найти внутреннюю гармонию.','2025-04-28','Одобрено'),(29,15,'Научная фантастика и антиутопии','От жестких антиутопий до размышлений о природе разума — эти книги заставляют задуматься о том, куда движется человечество.','2025-05-11','На рассмотрении'),(30,14,'Детективы и триллеры','Любите головоломные расследования, неожиданные развязки и леденящие душу истории? Эти книги не дадут вам заскучать.','2025-05-01','На рассмотрении'),(31,32,'Книги о любви и чувствах','От легких романтических комедий до глубоких драм о любви — здесь собраны книги, которые заставят вас смеяться, плакать и переживать.','2025-04-30','Одобрено'),(32,17,'Исторические романы и приключения','Эти книги перенесут вас в другую эпоху — от дворцовых заговоров до полей сражений.','2025-04-14','Одобрено'),(33,25,'Книги, меняющие сознание','Эти произведения бросают вызов привычным взглядам, заставляют пересмотреть ценности и задать себе сложные вопросы.','2025-05-01','На рассмотрении'),(34,20,'Современная проза','Эти истории говорят о том, что волнует нас сегодня: отношения, поиск себя, вызовы современного мира.','2025-05-12','На рассмотрении'),(35,29,'Книги для души','Эти книги согревают сердце, дарят утешение и напоминают о самом важном.','2025-05-08','На рассмотрении'),(36,6,'<span class=\"forbidden-word\">Бля</span>, прикол','<p>пу пу пу пу пу</p>','2025-09-29','Обнаружено нарушение');
/*!40000 ALTER TABLE `collections` ENABLE KEYS */;
UNLOCK TABLES;

--
-- Table structure for table `comments`
--

DROP TABLE IF EXISTS `comments`;
/*!40101 SET @saved_cs_client     = @@character_set_client */;
/*!50503 SET character_set_client = utf8mb4 */;
CREATE TABLE `comments` (
  `id_comment` int NOT NULL AUTO_INCREMENT,
  `id_user` int NOT NULL,
  `id_entity` int NOT NULL,
  `type_entity` enum('Рецензия','Подборка') NOT NULL,
  `text_comment` text NOT NULL,
  `date_comment` datetime NOT NULL,
  `parent_comment_id` int DEFAULT NULL,
  `status_comment` enum('Обнаружено нарушение','Новое','Просмотрено') NOT NULL,
  PRIMARY KEY (`id_comment`),
  KEY `id_user` (`id_user`),
  KEY `parent_comment_id` (`parent_comment_id`),
  CONSTRAINT `comments_ibfk_1` FOREIGN KEY (`id_user`) REFERENCES `users` (`id_user`),
  CONSTRAINT `comments_ibfk_2` FOREIGN KEY (`parent_comment_id`) REFERENCES `comments` (`id_comment`)
) ENGINE=InnoDB AUTO_INCREMENT=72 DEFAULT CHARSET=utf8mb4 COLLATE=utf8mb4_0900_ai_ci;
/*!40101 SET character_set_client = @saved_cs_client */;

--
-- Dumping data for table `comments`
--

LOCK TABLES `comments` WRITE;
/*!40000 ALTER TABLE `comments` DISABLE KEYS */;
INSERT INTO `comments` VALUES (1,2,1,'Рецензия','Согласен, это действительно великая книга!','2025-03-02 10:20:00',NULL,'Просмотрено'),(2,6,1,'Рецензия','Спасибо за рецензию, теперь хочу прочитать!','2025-03-03 10:20:00',NULL,'Просмотрено'),(3,7,2,'Рецензия','Оруэлл — гений, его книги всегда актуальны.','2025-03-03 10:20:00',NULL,'Просмотрено'),(4,8,3,'Рецензия','Хокинг — мой кумир, спасибо за обзор!','2025-03-04 10:20:00',NULL,'Просмотрено'),(6,1,5,'Рецензия','Теперь пишу намного лучше, спасибо!','2025-03-06 10:20:00',NULL,'Просмотрено'),(7,2,6,'Рецензия','Фэнтези — мой любимый жанр, спасибо за рекомендацию!','2025-03-07 10:20:00',NULL,'Просмотрено'),(8,6,7,'Рецензия','Детектив просто потрясающий, не могла оторваться!','2025-03-08 10:20:00',NULL,'Просмотрено'),(9,7,8,'Рецензия','Ребекка — это классика, которую нужно читать всем.','2025-03-09 10:20:00',NULL,'Просмотрено'),(11,10,10,'Рецензия','Детектив действительно захватывающий!','2025-03-11 10:20:00',NULL,'Просмотрено'),(13,2,12,'Рецензия','Книга о море — это то, что нужно для отдыха.','2025-03-13 10:20:00',NULL,'Просмотрено'),(14,6,13,'Рецензия','Очень полезная книга, спасибо за рекомендацию!','2025-03-14 10:20:00',NULL,'Просмотрено'),(16,1,1,'Рецензия','Спасибо за ваш отзыв!','2025-03-03 23:30:33',1,'Просмотрено'),(17,2,1,'Рецензия','Пожалуйста, рад, что вам понравилось!','2025-03-04 23:30:33',2,'Просмотрено'),(18,6,2,'Рецензия','Согласна, Оруэлл — гений!','2025-03-04 23:30:33',3,'Просмотрено'),(19,7,3,'Рецензия','Хокинг действительно вдохновляет!','2025-03-05 23:30:33',4,'Просмотрено'),(21,10,5,'Рецензия','Рад, что книга вам помогла!','2025-03-07 23:30:33',6,'Просмотрено'),(22,1,6,'Рецензия','Фэнтези — это всегда здорово!','2025-03-08 23:30:33',7,'Просмотрено'),(23,2,7,'Рецензия','Детектив действительно захватывающий!','2025-03-09 23:30:33',8,'Просмотрено'),(24,6,8,'Рецензия','Ребекка — это классика!','2025-03-10 23:30:33',9,'Просмотрено'),(26,8,10,'Рецензия','Детектив просто потрясающий!','2025-03-12 23:30:33',11,'Просмотрено'),(28,1,12,'Рецензия','Книга о море — это прекрасно!','2025-03-14 23:30:33',13,'Просмотрено'),(29,2,13,'Рецензия','Очень полезная книга!','2025-03-15 23:30:33',14,'Просмотрено'),(31,2,16,'Рецензия','Полностью согласен с вашей оценкой! Особенно понравилось, как автор раскрывает тему ответственности.','2025-03-17 12:34:23',NULL,'Просмотрено'),(32,6,16,'Рецензия','Спасибо за такой подробный разбор, теперь точно прочитаю эту книгу!','2025-03-18 12:34:23',NULL,'Просмотрено'),(33,7,16,'Рецензия','Вы хорошо подметили про поэтичность стиля, это действительно одна из сильных сторон книги.','2025-03-19 12:34:23',NULL,'Просмотрено'),(34,1,17,'Рецензия','Отличная рецензия! «Маленький принц» — моя любимая книга с детства.','2025-03-18 12:34:23',NULL,'Просмотрено'),(35,7,17,'Рецензия','Согласен, что эту книгу можно перечитывать в любом возрасте и каждый раз находить что-то новое.','2025-03-19 12:34:23',NULL,'Просмотрено'),(36,8,17,'Рецензия','Особенно трогательны отношения с Лисом, это действительно один из самых запоминающихся моментов.','2025-03-20 12:34:23',NULL,'Просмотрено'),(37,2,18,'Рецензия','«Алхимик» действительно заставляет задуматься о своем жизненном пути. Хорошая рецензия!','2025-03-19 12:34:23',NULL,'Просмотрено'),(38,8,18,'Рецензия','Мне тоже понравилось, как автор показывает важность следования за своей мечтой.','2025-03-20 12:34:23',NULL,'Просмотрено'),(39,10,18,'Рецензия','Книга действительно вдохновляет на изменения в жизни. Спасибо за обзор!','2025-03-21 12:34:23',NULL,'Просмотрено'),(40,1,19,'Рецензия','Спасибо за честный отзыв. Я тоже считаю, что некоторые идеи Айн Рэнд слишком радикальны.','2025-03-20 12:34:23',NULL,'Просмотрено'),(41,6,19,'Рецензия','Интересно было прочитать ваш взгляд на этот спорный роман.','2025-03-21 12:34:23',NULL,'Просмотрено'),(42,10,19,'Рецензия','Несмотря на спорность, книга действительно заставляет задуматься. Хороший анализ!','2025-03-22 12:34:23',NULL,'Просмотрено'),(43,1,16,'Рецензия','Рад, что вам понравился мой обзор!','2025-03-20 12:34:23',31,'Просмотрено'),(44,1,16,'Рецензия','Надеюсь, книга вам понравится так же, как и мне!','2025-03-21 12:34:23',32,'Просмотрено'),(45,1,16,'Рецензия','Да, стиль действительно один из главных плюсов произведения.','2025-03-22 12:34:23',33,'Просмотрено'),(46,2,17,'Рецензия','Спасибо! Да, это книга на все времена.','2025-03-21 12:34:23',34,'Просмотрено'),(47,2,17,'Рецензия','Именно! Каждый раз находишь новые смыслы.','2025-03-22 12:34:23',35,'Просмотрено'),(48,2,17,'Рецензия','Абсолютно согласен, этот момент трогает больше всего.','2025-03-23 12:34:23',36,'Просмотрено'),(49,2,16,'Подборка','Отличная подборка! Русская классика — это всегда актуально.','2025-03-27 12:34:23',NULL,'Просмотрено'),(50,6,16,'Подборка','Спасибо за подборку, как раз искал что-то из классики.','2025-03-28 12:34:23',NULL,'Просмотрено'),(51,7,16,'Подборка','Хороший выбор книг, несколько уже читал, остальные добавлю в список.','2025-03-29 12:34:23',NULL,'Просмотрено'),(52,1,17,'Подборка','Антиутопии — мой любимый жанр, возьму на заметку ваши рекомендации!','2025-03-28 12:34:23',NULL,'Просмотрено'),(53,7,17,'Подборка','Отличная подборка, особенно рад видеть «1984» и «Атланта».','2025-03-29 12:34:23',NULL,'Просмотрено'),(54,8,17,'Подборка','Спасибо, как раз искал что-то в этом жанре!','2025-03-30 12:34:23',NULL,'Просмотрено'),(55,2,18,'Подборка','Психология — это всегда интересно, хороший выбор книг!','2025-03-29 12:34:23',NULL,'Просмотрено'),(56,8,18,'Подборка','Лабковский и Шаталова — отличные авторы, согласен с выбором.','2025-03-30 12:34:23',NULL,'Просмотрено'),(57,10,18,'Подборка','Добавил несколько книг в свой список для чтения, спасибо!','2025-03-31 12:34:23',NULL,'Просмотрено'),(58,1,16,'Подборка','Рад, что вам понравилось!','2025-03-30 12:34:23',50,'Просмотрено'),(59,1,16,'Подборка','Надеюсь, найдете что-то интересное для себя!','2025-03-31 12:34:23',51,'Просмотрено'),(61,2,17,'Подборка','Спасибо! Да, антиутопии — очень важный жанр.','2025-03-31 12:34:23',53,'Просмотрено'),(62,2,17,'Подборка','Да, это классика жанра!','2025-04-01 12:34:23',54,'Просмотрено'),(63,2,17,'Подборка','Надеюсь, вам понравится!','2025-04-02 12:34:23',55,'Просмотрено'),(64,9,25,'Рецензия','Как по мне авторша полная <span class=\"forbidden-word\">дура</span>.','2025-05-10 12:34:23',NULL,'Обнаружено нарушение'),(65,6,25,'Рецензия','Согласна с автором. Замечательная книга','2025-05-12 12:34:23',NULL,'Новое'),(66,6,16,'Подборка','проверка один','2025-10-03 12:06:22',NULL,'Новое'),(67,6,16,'Подборка','проверка два\n<span class=\"forbidden-word\">хуй</span>','2025-10-03 12:18:31',66,'Обнаружено нарушение');
/*!40000 ALTER TABLE `comments` ENABLE KEYS */;
UNLOCK TABLES;

--
-- Table structure for table `entityratings`
--

DROP TABLE IF EXISTS `entityratings`;
/*!40101 SET @saved_cs_client     = @@character_set_client */;
/*!50503 SET character_set_client = utf8mb4 */;
CREATE TABLE `entityratings` (
  `id_rating` int NOT NULL AUTO_INCREMENT,
  `id_user` int NOT NULL,
  `id_entity` int NOT NULL,
  `type_entity` enum('Рецензия','Подборка','Комментарий') NOT NULL,
  `is_like` tinyint NOT NULL,
  PRIMARY KEY (`id_rating`),
  UNIQUE KEY `id_user` (`id_user`,`id_entity`,`type_entity`),
  CONSTRAINT `entityratings_ibfk_1` FOREIGN KEY (`id_user`) REFERENCES `users` (`id_user`)
) ENGINE=InnoDB AUTO_INCREMENT=109 DEFAULT CHARSET=utf8mb4 COLLATE=utf8mb4_0900_ai_ci;
/*!40101 SET character_set_client = @saved_cs_client */;

--
-- Dumping data for table `entityratings`
--

LOCK TABLES `entityratings` WRITE;
/*!40000 ALTER TABLE `entityratings` DISABLE KEYS */;
INSERT INTO `entityratings` VALUES (1,2,1,'Рецензия',1),(2,6,1,'Рецензия',1),(3,7,2,'Рецензия',1),(4,8,3,'Рецензия',1),(6,1,5,'Рецензия',1),(7,2,6,'Рецензия',1),(8,6,7,'Рецензия',1),(9,7,8,'Рецензия',1),(11,10,10,'Рецензия',1),(13,2,12,'Рецензия',1),(14,6,13,'Рецензия',1),(18,6,2,'Рецензия',0),(19,7,3,'Рецензия',0),(21,10,5,'Рецензия',0),(22,1,1,'Подборка',1),(25,7,4,'Подборка',1),(26,8,5,'Подборка',1),(27,10,6,'Подборка',1),(29,2,8,'Подборка',1),(30,6,9,'Подборка',1),(31,7,10,'Подборка',1),(32,8,11,'Подборка',1),(33,10,12,'Подборка',1),(34,1,13,'Подборка',1),(37,2,1,'Подборка',0),(40,8,4,'Подборка',0),(41,10,5,'Подборка',0),(42,2,16,'Рецензия',1),(43,6,16,'Рецензия',1),(44,7,16,'Рецензия',1),(45,1,17,'Рецензия',1),(46,7,17,'Рецензия',1),(47,8,17,'Рецензия',1),(48,2,18,'Рецензия',1),(49,8,18,'Рецензия',1),(50,10,18,'Рецензия',1),(51,1,19,'Рецензия',0),(52,6,19,'Рецензия',0),(53,10,19,'Рецензия',1),(54,2,20,'Рецензия',1),(55,6,20,'Рецензия',1),(56,7,20,'Рецензия',1),(57,1,21,'Рецензия',1),(58,7,21,'Рецензия',1),(59,8,21,'Рецензия',1),(60,2,22,'Рецензия',1),(61,8,22,'Рецензия',1),(62,10,22,'Рецензия',1),(63,1,23,'Рецензия',1),(64,6,23,'Рецензия',1),(65,10,23,'Рецензия',1),(66,2,24,'Рецензия',1),(67,6,24,'Рецензия',1),(68,7,24,'Рецензия',1),(69,1,25,'Рецензия',1),(70,7,25,'Рецензия',1),(71,8,25,'Рецензия',1),(72,2,16,'Подборка',1),(73,6,16,'Подборка',1),(74,7,16,'Подборка',1),(75,1,17,'Подборка',1),(76,7,17,'Подборка',1),(77,8,17,'Подборка',1),(78,2,18,'Подборка',1),(79,8,18,'Подборка',1),(80,10,18,'Подборка',1),(81,1,19,'Подборка',1),(82,6,19,'Подборка',1),(83,10,19,'Подборка',1),(84,2,20,'Подборка',1),(85,6,20,'Подборка',1),(86,7,20,'Подборка',1),(90,2,22,'Подборка',1),(91,8,22,'Подборка',1),(92,10,22,'Подборка',1),(93,1,23,'Подборка',1),(94,6,23,'Подборка',1),(95,10,23,'Подборка',1),(96,2,24,'Подборка',1),(97,6,24,'Подборка',1),(98,7,24,'Подборка',1),(99,1,25,'Подборка',1),(100,7,25,'Подборка',1),(101,8,25,'Подборка',1),(102,6,25,'Рецензия',1),(104,6,28,'Подборка',0),(105,6,31,'Подборка',1),(106,6,51,'Комментарий',1);
/*!40000 ALTER TABLE `entityratings` ENABLE KEYS */;
UNLOCK TABLES;

--
-- Table structure for table `likedcollections`
--

DROP TABLE IF EXISTS `likedcollections`;
/*!40101 SET @saved_cs_client     = @@character_set_client */;
/*!50503 SET character_set_client = utf8mb4 */;
CREATE TABLE `likedcollections` (
  `id_collection` int NOT NULL,
  `id_user` int NOT NULL,
  `liked_date` date NOT NULL,
  PRIMARY KEY (`id_collection`,`id_user`),
  KEY `id_user` (`id_user`),
  CONSTRAINT `likedcollections_ibfk_1` FOREIGN KEY (`id_collection`) REFERENCES `collections` (`id_collection`),
  CONSTRAINT `likedcollections_ibfk_2` FOREIGN KEY (`id_user`) REFERENCES `users` (`id_user`)
) ENGINE=InnoDB DEFAULT CHARSET=utf8mb4 COLLATE=utf8mb4_0900_ai_ci;
/*!40101 SET character_set_client = @saved_cs_client */;

--
-- Dumping data for table `likedcollections`
--

LOCK TABLES `likedcollections` WRITE;
/*!40000 ALTER TABLE `likedcollections` DISABLE KEYS */;
INSERT INTO `likedcollections` VALUES (1,2,'2025-03-02'),(1,6,'2025-03-03'),(1,7,'2025-03-04'),(4,1,'2025-03-05'),(4,6,'2025-03-06'),(4,8,'2025-03-07'),(5,2,'2025-03-06'),(5,7,'2025-03-07'),(5,10,'2025-03-08'),(6,1,'2025-03-07'),(6,6,'2025-03-08'),(6,8,'2025-03-09'),(8,1,'2025-03-09'),(8,6,'2025-03-10'),(8,8,'2025-03-11'),(9,2,'2025-03-10'),(9,6,'2025-06-07'),(9,7,'2025-03-11'),(9,10,'2025-03-12'),(10,1,'2025-03-11'),(10,6,'2025-03-12'),(10,8,'2025-03-13'),(11,2,'2025-03-12'),(11,7,'2025-03-13'),(11,10,'2025-03-14'),(12,1,'2025-03-13'),(12,6,'2025-03-14'),(12,8,'2025-03-15'),(13,2,'2025-03-14'),(13,7,'2025-03-15'),(13,10,'2025-03-16'),(16,2,'2025-03-27'),(16,6,'2025-03-28'),(16,7,'2025-03-29'),(17,1,'2025-03-28'),(17,7,'2025-03-29'),(17,8,'2025-03-30'),(18,2,'2025-03-29'),(18,8,'2025-03-30'),(18,10,'2025-03-31'),(19,1,'2025-03-30'),(19,6,'2025-03-31'),(19,10,'2025-04-01'),(20,2,'2025-03-31'),(20,7,'2025-04-01'),(20,8,'2025-04-02'),(22,2,'2025-04-02'),(22,8,'2025-04-03'),(22,10,'2025-04-04'),(23,1,'2025-04-03'),(23,7,'2025-04-04'),(23,10,'2025-04-05'),(24,2,'2025-04-04'),(24,8,'2025-04-05'),(24,10,'2025-04-06'),(25,1,'2025-04-05'),(25,6,'2025-04-06'),(25,7,'2025-04-07'),(28,6,'2025-06-09'),(31,6,'2025-10-02');
/*!40000 ALTER TABLE `likedcollections` ENABLE KEYS */;
UNLOCK TABLES;

--
-- Table structure for table `notifications`
--

DROP TABLE IF EXISTS `notifications`;
/*!40101 SET @saved_cs_client     = @@character_set_client */;
/*!50503 SET character_set_client = utf8mb4 */;
CREATE TABLE `notifications` (
  `id_notification` int NOT NULL AUTO_INCREMENT,
  `id_recipient` int NOT NULL,
  `entity_type` enum('Комментарий','Рецензия','Подборка') NOT NULL,
  `entity_id` int NOT NULL,
  `message_notification` text NOT NULL,
  `created_date` date NOT NULL,
  `is_read` tinyint(1) NOT NULL DEFAULT '0',
  PRIMARY KEY (`id_notification`),
  KEY `id_recipient` (`id_recipient`),
  CONSTRAINT `notifications_ibfk_1` FOREIGN KEY (`id_recipient`) REFERENCES `users` (`id_user`)
) ENGINE=InnoDB DEFAULT CHARSET=utf8mb4 COLLATE=utf8mb4_0900_ai_ci;
/*!40101 SET character_set_client = @saved_cs_client */;

--
-- Dumping data for table `notifications`
--

LOCK TABLES `notifications` WRITE;
/*!40000 ALTER TABLE `notifications` DISABLE KEYS */;
/*!40000 ALTER TABLE `notifications` ENABLE KEYS */;
UNLOCK TABLES;

--
-- Table structure for table `publishers`
--

DROP TABLE IF EXISTS `publishers`;
/*!40101 SET @saved_cs_client     = @@character_set_client */;
/*!50503 SET character_set_client = utf8mb4 */;
CREATE TABLE `publishers` (
  `id_publisher` int NOT NULL AUTO_INCREMENT,
  `name_publisher` varchar(100) NOT NULL,
  PRIMARY KEY (`id_publisher`),
  UNIQUE KEY `name_publisher` (`name_publisher`)
) ENGINE=InnoDB AUTO_INCREMENT=13 DEFAULT CHARSET=utf8mb4 COLLATE=utf8mb4_0900_ai_ci;
/*!40101 SET character_set_client = @saved_cs_client */;

--
-- Dumping data for table `publishers`
--

LOCK TABLES `publishers` WRITE;
/*!40000 ALTER TABLE `publishers` DISABLE KEYS */;
INSERT INTO `publishers` VALUES (12,'Ad Marginem'),(3,'Digest Media, Попурри'),(6,'Imclaim Books LLC'),(2,'Litres'),(5,'Pelekanos Books'),(9,'Phantom Press'),(11,'Азбука-Аттикус'),(4,'Альпина Паблишер'),(8,'Время'),(1,'Захаров'),(10,'Издательство \"Проспект\"'),(7,'Рипол Классик');
/*!40000 ALTER TABLE `publishers` ENABLE KEYS */;
UNLOCK TABLES;

--
-- Table structure for table `reviews`
--

DROP TABLE IF EXISTS `reviews`;
/*!40101 SET @saved_cs_client     = @@character_set_client */;
/*!50503 SET character_set_client = utf8mb4 */;
CREATE TABLE `reviews` (
  `id_review` int NOT NULL AUTO_INCREMENT,
  `id_user` int NOT NULL,
  `id_book` int NOT NULL,
  `title_review` varchar(255) NOT NULL,
  `text_review` text NOT NULL,
  `created_date` date NOT NULL,
  `status_review` enum('На рассмотрении','Обнаружено нарушение','Одобрено','Отказано') NOT NULL,
  PRIMARY KEY (`id_review`),
  KEY `id_user` (`id_user`),
  KEY `id_book` (`id_book`),
  CONSTRAINT `reviews_ibfk_1` FOREIGN KEY (`id_user`) REFERENCES `users` (`id_user`),
  CONSTRAINT `reviews_ibfk_2` FOREIGN KEY (`id_book`) REFERENCES `books` (`id_book`)
) ENGINE=InnoDB AUTO_INCREMENT=51 DEFAULT CHARSET=utf8mb4 COLLATE=utf8mb4_0900_ai_ci;
/*!40101 SET character_set_client = @saved_cs_client */;

--
-- Dumping data for table `reviews`
--

LOCK TABLES `reviews` WRITE;
/*!40000 ALTER TABLE `reviews` DISABLE KEYS */;
INSERT INTO `reviews` VALUES (1,1,1,'Великая классика','«Война и мир» — это не просто книга, это целая эпоха. Лев Толстой мастерски описывает характеры героев, их внутренние переживания и исторические события. Читая эту книгу, я погрузился в мир России XIX века и ощутил всю глубину человеческих эмоций. Рекомендую всем, кто любит классическую литературу.','2025-03-01','Одобрено'),(2,2,2,'Антиутопия, которая заставляет задуматься','«1984» Джорджа Оруэлла — это книга, которая заставляет задуматься о будущем человечества. Она показывает, как тоталитарный режим может контролировать каждую сферу жизни человека. После прочтения я долго размышлял о свободе и цензуре. Очень рекомендую!','2025-03-02','Одобрено'),(3,6,3,'Научный взгляд на Вселенную','Сборник Стивена Хокинга — это увлекательное путешествие в мир науки. Автор объясняет сложные концепции простым языком, что делает книгу доступной даже для неспециалистов. Я узнал много нового о черных дырах, времени и пространстве. Отличная книга для любителей науки!','2025-03-03','Одобрено'),(4,7,4,'Финансовая грамотность','«Богатый папа, бедный папа» — это must-read для тех, кто хочет разобраться в финансах. Книга учит, как правильно управлять деньгами и инвестировать. После прочтения я начал по-другому смотреть на свои расходы и доходы. Очень полезная книга!','2025-03-04','Отказано'),(5,8,5,'Как писать лучше','«Пиши, сокращай» — это отличное руководство для тех, кто хочет улучшить свои навыки письма. Автор дает практические советы, которые можно сразу применять. Я начал писать более четко и структурированно. Рекомендую всем, кто работает с текстами.','2025-03-05','Одобрено'),(6,10,6,'Фэнтези с глубоким смыслом','«Благословение небожителей» — это не просто фэнтези, это история о любви, предательстве и искуплении. Автор создает удивительный мир, который захватывает с первых страниц. Я не мог оторваться до самого конца. Отличная книга!','2025-03-06','Одобрено'),(7,1,7,'Загадочная история','«Лисья нора» — это книга, которая держит в напряжении до последней страницы. Сюжет полон неожиданных поворотов, а герои вызывают симпатию. Я прочитал ее за один вечер и остался под большим впечатлением. Рекомендую любителям детективов!','2025-03-07','Одобрено'),(8,2,8,'Классика жанра','«Ребекка» Дафны Дюморье — это шедевр психологического триллера. Атмосфера книги настолько густая, что кажется, будто ты сам находишься в поместье Мандерли. Я был полностью поглощен историей. Обязательно к прочтению!','2025-03-08','Одобрено'),(9,6,9,'Мотивирующая книга','«Хочу и буду» Михаила Лабковского — это книга, которая помогает разобраться в себе. Автор дает простые, но действенные советы, как изменить свою жизнь к лучшему. После прочтения я почувствовал прилив энергии и решимости. Очень рекомендую!','2025-03-09','На рассмотрении'),(10,7,10,'Интригующий детектив','«Самое королевское убийство» — это книга, которая сочетает в себе историю и детектив. Сюжет захватывает с первых страниц, а герои вызывают интерес. Я прочитал ее за два дня и остался доволен. Отличный выбор для любителей жанра!','2025-03-10','Одобрено'),(11,8,11,'Фантастика с глубоким сюжетом','«Система \"Спаси-Себя-Сам\" для Главного Злодея» — это увлекательная фантастика с неожиданными поворотами. Автор создает сложный мир, который хочется исследовать. Я с нетерпением жду продолжения!','2025-03-11','Отказано'),(12,10,12,'Книга о море','«Дочь глубин» — это красивая история о море и приключениях. Автор мастерски описывает природу и чувства героев. Я почувствовал себя частью этой истории. Очень рекомендую!','2025-03-12','Одобрено'),(13,1,13,'О границах и самоуважении','«Осторожно, это мои границы!» — это книга, которая помогает понять, как защищать свои интересы. Автор дает практические советы, которые можно применять в жизни. Я начал чувствовать себя увереннее. Очень полезная книга!','2025-03-13','Одобрено'),(14,2,14,'Трогательная история','«Цветы для Элджернона» — это книга, которая тронула меня до глубины души. История главного героя заставляет задуматься о человечности и сострадании. Я плакал в конце. Обязательно к прочтению!','2025-03-14','На рассмотрении'),(15,6,15,'О тревоге и жизни','«Тревожные люди» — это книга, которая сочетает в себе юмор и глубокие размышления. Автор показывает, как люди справляются с трудностями. Я нашел в этой книге много мудрости. Очень рекомендую!','2025-03-15','Отказано'),(16,1,16,'Эпическое фэнтези','«Благословение небожителей» — это масштабное произведение, которое сочетает в себе элементы фэнтези, мифологии и философских размышлений. Автор создает удивительный мир с продуманной мифологией и сложной системой взаимоотношений между персонажами. Главный герой, Се Лянь, проходит долгий путь от наивного принца до мудрого божества, и его трансформация показана очень убедительно. Особенно впечатляет проработка второстепенных персонажей — каждый из них имеет свою историю и мотивацию. Книга заставляет задуматься о природе власти, ответственности и искупления. Стиль повествования плавный и поэтичный, что делает чтение особенно приятным. Рекомендую всем любителям жанра!','2025-03-16','Одобрено'),(17,2,17,'Философская сказка для всех возрастов','«Маленький принц» Антуана де Сент-Экзюпери — это книга, которую можно перечитывать в любом возрасте и каждый раз находить в ней что-то новое. На первый взгляд простая история на самом деле содержит глубокие философские размышления о дружбе, любви, ответственности и смысле жизни. Особенно трогательны отношения Маленького принца и Лиса, которые учат нас тому, что «мы в ответе за тех, кого приручили». Иллюстрации автора добавляют произведению особого шарма и помогают лучше понять его замысел. Эта книга — настоящий шедевр, который должен быть в библиотеке каждого думающего человека.','2025-03-17','Одобрено'),(18,6,18,'Путешествие к себе','«Алхимик» Пауло Коэльо — это книга-притча, которая рассказывает историю пастуха Сантьяго, отправившегося на поиски своего сокровища и своей судьбы. По мере чтения понимаешь, что это не просто история о путешествии, а метафора жизненного пути каждого человека. Книга полна мудрых мыслей о том, как важно следовать за своей мечтой, прислушиваться к знакам судьбы и не бояться перемен. Особенно впечатляет идея о том, что «когда ты чего-нибудь хочешь, вся Вселенная способствует тому, чтобы желание твое сбылось». Произведение написано простым, но очень поэтичным языком, что делает его доступным для понимания, но не лишает глубины. Рекомендую всем, кто находится в поисках себя и своего места в жизни.','2025-03-18','Одобрено'),(19,7,19,'Гимн рациональному эгоизму','«Атлант расправил плечи» Айн Рэнд — это монументальное произведение, которое нельзя оценить однозначно. С одной стороны, это захватывающий роман с интригующим сюжетом и яркими персонажами. С другой — манифест философии объективизма, который вызывает много споров. Книга заставляет задуматься о роли личности в обществе, ценности индивидуальных достижений и опасности коллективизма. Особенно впечатляют речи Джона Голта, в которых автор излагает свои идеи. Однако стоит отметить, что некоторые положения могут казаться слишком радикальными. Несмотря на это, роман безусловно стоит прочтения, хотя бы для того, чтобы составить собственное мнение о поднятых в нем вопросах.','2025-03-19','Одобрено'),(20,8,20,'Интеллектуальный детектив','«Код да Винчи» Дэна Брауна — это идеальный пример того, как можно сочетать увлекательный детективный сюжет с историческими фактами и искусствоведческими загадками. История профессора Лэнгдона, разгадывающего тайны, связанные с Леонардо да Винчи и тайными обществами, держит в напряжении до последней страницы. Особенно впечатляет, как автор переплетает реальные исторические факты с художественным вымыслом, создавая ощущение достоверности. Книга вызывает желание самостоятельно изучить упомянутые в ней произведения искусства и исторические события. Несмотря на некоторую спорность трактовок, роман безусловно увлекателен и познавателен. Рекомендую всем любителям интеллектуальных детективов.','2025-03-20','Одобрено'),(21,10,21,'Мистический шедевр','«Мастер и Маргарита» Михаила Булгакова — это книга, которую невозможно забыть. Сочетание мистики, сатиры и глубокой философии делает роман уникальным явлением в литературе. Особенно впечатляет контраст между московскими и ершалаимскими главами, которые, казалось бы, совершенно разные, но на самом деле тесно связаны. Образ Воланда и его свиты заставляет задуматься о природе добра и зла, а история любви Мастера и Маргариты трогает до глубины души. Язык произведения настолько богат и выразителен, что хочется перечитывать отдельные фрагменты снова и снова. Это одна из тех книг, которые с каждым прочтением открываются с новой стороны.','2025-03-21','Одобрено'),(22,1,22,'Актуальная классика','«Убить пересмешника» Харпер Ли — это книга, которая не теряет своей актуальности спустя десятилетия после публикации. История, рассказанная от лица ребенка, затрагивает такие серьезные темы, как расовая несправедливость, моральная ответственность и взросление. Образ адвоката Аттикуса Финча стал символом честности и мужества. Особенно впечатляет, как автор показывает, что даже в самых сложных ситуациях важно сохранять человечность и поступать по совести. Книга написана с теплотой и юмором, что делает тяжелые темы более доступными для понимания. Это произведение обязательно должно быть в школьной программе, так как оно учит толерантности и состраданию.','2025-03-22','Одобрено'),(23,2,23,'Магическое приключение','«Сестра ночи» — это захватывающее фэнтези с хорошо прописанным миром и сложной системой магии. История Вианны и ее сестер, противостоящих демону Регулюсу, держит в напряжении до последней страницы. Особенно впечатляет, как автор сочетает элементы мифологии с оригинальными идеями. Персонажи неоднозначны и реалистичны, их поступки мотивированы, а диалоги естественны. Мир книги настолько детализирован, что кажется реальным. Любителям жанра понравится динамичный сюжет с неожиданными поворотами и глубокой проработкой магической системы. Жду продолжения с нетерпением!','2025-03-23','Одобрено'),(24,6,24,'О жизни и смерти','«Жизнь взаймы» Эриха Марии Ремарка — это пронзительная история о людях, которые знают, что их время ограничено. Роман заставляет задуматься о ценности каждого момента и о том, как мы распоряжаемся своей жизнью. Особенно трогательны отношения главных героев, которые находят силы радоваться и любить, несмотря на все трудности. Стиль Ремарка узнаваем — лаконичный, но наполненный глубоким смыслом. Книга не оставляет равнодушным и заставляет пересмотреть свои приоритеты. Это одно из тех произведений, после которых мир кажется немного другим.','2025-03-24','Одобрено'),(25,7,25,'О женской судьбе','«Город женщин» Элизабет Гилберт — это яркий и многогранный роман о женской дружбе, любви и творчестве. Действие происходит в Нью-Йорке 1940-х годов, и автор мастерски воссоздает атмосферу того времени. Главная героиня, Вивиан, проходит сложный путь от наивной провинциалки до уверенной в себе женщины, и ее трансформация показана очень убедительно. Особенно впечатляет галерея женских образов, каждая из которых по-своему уникальна. Книга поднимает важные вопросы о сексуальности, независимости и самореализации женщины в обществе. Написана живым, образным языком, с юмором и теплотой. Рекомендую всем, кто ценит хорошую прозу о сильных женщинах.','2025-03-25','Одобрено'),(26,12,26,'МОЖНО ЛИ ПЕРЕЧИТАТЬ КНИГУ И ВЛЮБИТЬСЯ В НЕЁ?','Похоже, что да, так как с этой историей я впервые познакомилась в 2021 году и была разочарована. Мне показалось, Ли Бардуго создала слишком кривой и сложный сюжет, в которой читатель тонет словно в болоте. Прошло время, близился выпуск 2 тома в этом цикле, и я поняла, что хотела бы вернуться в мир <Девятого дома>, пусть 1 том и стал моим чуть ли не первым книжным разочарованием. Странное желание, которое побудило меня перечитать <Девятый дом>. Примечательно, что я закончила повторное знакомство с книгой за день до того, как предзаказанный 2 том приехал в магазин. И я хочу забрать этот предзаказ, более того, оказалось, что мне нравится данная книга.<br><br>Возможно 4 года назад я не смогал осознать всю суть этой истории, потому что Ли Бардуго создала крайне сложную систему, в которой читатель параллельно знакомиться с прошлым, настоящим и будущим. Важно пристально следить за пометками в начале главы, иначе складывается ощущение, что все события происходят в одно время. Кроме того, главная героиня Алекс также часто уплывает в своих размышлениях очень далеко от настоящего момента. Пусть эти эпизоды и позволяют нам лучше понять героев и их поступки, я не сразу смогла адаптироваться к подобному повествованию.<br><br>Мне понравилось, что несмотря на несколько загадок внутри сюжета, автор дал ответы на каждый вопрос. В конце книги, у героев есть чёткий план, что делать дальше, а зло наказано. Мне понравился финал, несмотря на то, что здесь присутствует не самый интересный переход вины с одного персонажа на другого. Эти скачки обвинения кажутся избыточными, даже несмотря на то, что через данный аспект автор лучше раскрывает дар Алекс и показывает, как далека она от типичной героини фэнтези, которая как будто не умеет сама защищать и спасать себя.<br><br>Приятно, что призраки не стали непонятным фоновым шумом, а обрели полноценную форму ближе к финалу. Первоначально мне казалось, что продолжится изображение этих героев, как неких препятствий для Алекс. Однако автор дал призракам полноценную силу и влияние, поэтому я довольна. Ровно также я довольна атмосферой тёмной академии, в которой Йель становится пристанищем для различных тайных обществ, наделенной магией. Отсутствует непосредственно учёба, странно, что Алекс как студентка не особо показывается нам (но возможно это исправится в следующем томе), однако магия, которая здесь процветает, заставляет забыть о необходимости наполнить книгу студенчеством.<br><br>Магия и заговоры наравне с прошлым героев пропитаны мерзостью. Трудно читать и не осознавать, как отвратительно ощущаются эти эпизоды. Отчасти такова атмосфера <Девятого дома> - неприятная, отталкивающая и вызывающая желание закрыть глаза и бежать прочь из этого места. Видимо книга не могла быть написана по-другому, поэтому единственное предупреждение, которое мне хочется обозначить, заключается в том, что если тема зависимости или вседозволенности является для вас триггером, то лучше не брать эту книгу.<br><br>Создалось впечатление, что Ли Бардуго не просто захотела показать пороки, но и гиперболизировала их так, чтобы не заметить и не испытать желание отвернуться от увиденного невозможно. Несмотря на то, что не все моменты читать приятно, книга мне понравилось. Даже появилось желание познакомиться за 2 томом, заставившее меня отринуть все прошлые сомнения относительно этой книги.','2025-05-11','На рассмотрении'),(27,13,27,'прочитать эти книги = посмотреть сериал','Я поняла, что влюбилась в эту историю, когда в первой книге рассказывалась история имени Джейка. <br><br>Микаэла Рамирес живет вместе с мамой в трейлер парке, в школе ее называют Тряпкой. А еще она влюблена в своего друга и готова признаться ему в любви. Вы чувствуете уже эту тревогу ? Потому что я вот снова начинаю паниковать и переживать за Мики. <br><br>Первую книгу начинала читать, когда вышли первые несколько глав на Литрес и я на таком нервике была, потому что не было продолжения. Не буду говорить в каком состоянии я была в финале первой книге. Просто скажу, что из-за него я боялась подступаться к книге. Мне эмоционально было тяжело читать начало второй книги. Но! Я получила эти эмоции и за них огромное спасибо Лине. Здесь была подушка безопасности в лице Джейка. <br><br>Очень классно прописаны персонажи, в том числе и второстепенные. Ник, я люблю тебя! Джейк играет в школьной музыкальной группе, Мика рисует для них обложки, плюс они катаются на скейтбордах, смотрят фильмы, слушают музыку. Происходит полный конект с героями. У нас хорошо прописано общение с парнями из группы. Плюс естественно есть конфликты в школе, героиня еще у нас и успевает подрабатывать. <br><br>А как прописана любовная линия и что важно, не взаимная любовь тоже капец как хорошо передана. Я прочувствовала всю боль, страдания, поддержку, заражающие чувства, страсть. ПЕРВЫЙ ПОЦЕЛУЙ!!! Ну очень хорошо, ну очень горячо. <br><br>Вот бы у каждой девочки был свой Джейк Элфорд! <br><br>Очень кинематографичная, эмоциональная и мне томная история вышла. Я этих ребят оставляю в своем сердце и жду новых книг Лины Винчестер. <br><br>ОЧЕНЬ ЗАВИДУЮ ТЕМ, КТО ТОЛЬКО БУДЕТ ЧИТАТЬ ЭТИ КНИГИ.','2025-05-11','Одобрено'),(28,12,28,'ХОТЕЛА РАЗГРУЗИТЬ ГОЛОВУ','и смогла это сделать, только некоторые эпизоды показались скорее триггером, чем отвлечением от реальности.<br><br>Я решила взять <Восхитительную ведьму>, потому что хотелось отвлечься от привычной суеты. Пусть мозг наблюдает за слабым и крайне надуманным сюжетом, давая возможность выдохнуть привычный стресс и представить, что единственное важное сейчас - это как именно Таня завладеет вниманием Олега. Признаю, прочитав аннотацию, я ощутила некое смущение. Романтическая история между преподавателем и студентом - точно ли мне хочется читать о чём-то подобным?<br><br>Это не так книга, которую я бы выбрала, не будь я охвачена тревогой и страдая от слишком любящего думать обо всём на свете разуме. Однако именно это книга стала спасением для моей души. Я с огромным удовольствием исследовала историю Тани Ведьминой, в которой первоначально хотела разглядеть реальную ведьму. Никакого фэнтези здесь нет, зато есть диалоги между Таней и Олегом, заставляющие меня громко смеяться. Книга шла максимально легко, я не могла оторваться от текста, испытывая жажду большего. Я не могла отпустить книгу до самой последней страницы, на которых стали появляться намёки на изучение психологии персонажей.<br><br>Неожиданно для себя, познакомившись лучше с Василиной, я начала размышлять над всеми теми \"надо\", которые становились цепями опутывали мои желания, запрещая им существовать. А когда нам раскрыли события, скрывающиеся за прошлой любовью Тани, я погрузилась в мысли о том, как и сама порой могла идти за любимым человеком до самого конца, даже если это было бессмысленно. В конечном счёте закрыв книгу, я осознала, что если и рекомендовать эту книгу, то непременно для тех девушек, которые не умеют доверять, потому что обжигались. История заставляет вернуть себе крылья и посмотреть на настоящее и будущее более оптимистичным взглядом.<br><br>Да, местами это крайне романтичная история, в которой от реального мира только имена. Были эпизоды, после которых внутри расплывалось чувство испанского стыда, однако общее послевкусие крайне приятное. Именно с такими книгами хочется проводить уютные вечера, когда единственный запрос относительно книги - это лёгкость и незатейливость. Так что, если вдруг вы хотите отключиться от привычной суеты и побыть в мире, где возможно очень многое, то рекомендую присмотреться к <Восхитительной ведьме>.','2025-05-11','На рассмотрении'),(29,14,29,'Книга','Настоящая книга в самом прекрасном смысле этого слова. Умная, тонкая, интересная, наконец. Без излишнего натурализма, пошлости, грубости. Держит в напряжении до последней страницы. Рекомендую всем любителям хорошей беллетристики, ценителям чистого русского языка. Ставлю высший балл!','2025-05-11','Одобрено'),(30,15,30,'\"Беннет, равно безмолвный, наслаждался спектаклем\"','Как точно подмечено... Иначе как спектаклем это произведение не назовёшь. К сожалению, в отличие от мистера Беннета я этим спектаклем не наслаждалась, а лишь раздражалась. В очередной раз убеждаюсь, что все эти дамские любовные романы не моё. Пора завязывать.<br><br>Первое, что мне сразу не понравилось в этом романе, напыщенный и высокопарный авторские слог. Он излишне громоздкий и театральный, что вызывает ужасное раздражение при чтении. Сначала я подумала, что дело в переводе, но попробовав прочитать в другом переводе убедилась, что дело непосредственно в авторской манере повествования, а тут уже никакой перевод не спасёт.  Тут, наверное, так и было задумано автором, потому что она сама сравнивает постоянно своё произведение с театральной постановкой, спектаклем и т.п.<br><br>Особенно ужасают диалоги. Они настолько вычурные, что ты волей неволей закатываешь глаза. Да и сами диалоги всё время превращаются в монологи героев за счёт громоздкости авторского слога. Герои говорят так высокопарно и чопорно, что иногда дочитывая реплику персонажа забываешь, а с чего он вообще начал и к чему это было. Смысловой нагрузки не имеют вовсе. Просто диалоги ради диалогов.<br><br>А моё любимое - это внезапные реплики персонажей, которые берутся из ниоткуда, вклиниваются в чужой разговор, говорят что-то совершенно не связанное с происходящим в книге, а после этого просто уходят. А ты потом сидишь и думаешь, кто это вообще был и к чему он это ляпнут! Как, например, монолог ниже. Какой-то левый персонаж подошёл, ляпнул что-то невнятное и после этого просто ушёл... К чему и для чего? Этого мы не узнаем.<br><br>Отдельная тема для размышления - герои этого \"чудесного\" произведения. Видимо автор решил показать все пороки человечества через своих персонажей. Главные герои - гордецы. В принципе это всё, что хочется о них сказать. Особого впечатления они на меня не произвели, поэтому и обсуждать их не вижу смысла. Если говорить о других персонажах, то большинство из них вызывали отвращение и жгучее презрение. В целом можно разделить всех на глупых и высокомерных. При этом и те, и другие в равной степени лицемерны. Улыбаются в лицо и говорят гадости за спиной.<br><br>Хочется отдельно выделить персонажей, которые произвели скорее приятное впечатление, хоть и не без неких \"но\". Джейн - единственный светлый лучик в этой книги, полной лживых, эгоистичных, лицемерных героев. Она добра, благовоспитанна, разумна. Единственный её недостаток - это чрезмерная наивность, граничащая с глупостью, которая порой раздражала, но на это можно закрыть глаза. Хочется также выделить господина Бингли, который в целом неплохой молодой человек, но легко поддающийся чужому влиянию. За этой парой было интересно наблюдать, она вызывала улыбку умиления. В конце Бингли разочаровал своей слабохарактерностью. Считаю, что так легко отказаться от любимого человека может лишь тот, кто не искренен в своих чувствах, поэтому итогом этой любовной линии я довольна не в полной мере.<br><br>Любимым же персонажем в этом произведении у меня стал господин Беннет. Его нельзя назвать хорошим мужем и идеальным отцом, но он не лишён очарования и харизмы, что придаёт ему дополнительных очков. Его реплики всегда кратки, лаконичны и выбиваются из общего ритма повествования, служа глотком свежего воздуха во всей этой вычурности. К тому же он всё же искренне заботится о своих дочерях, хоть иногда и допускает серьёзные промахи (особенно в их воспитании, которому не уделял особого внимания).<br><br>Лично мне показалось, что вся книга пропитана ужасным лицемерием. Сёстры Бингли мелочны и противны. Они привечают Джейн, но за её спиной поливают грязью её сестру и пытаются выставить её саму в невыгодном свете в глазах своего брата. Семейством Беннет дружит с Лукасами, но в глазах приезжих молодых людей порочат честь друг друга и пытаются выставить в дурном свете Шарлотту Лукас. Цель большинства героев: выгодно выйти замуж/жениться. Этим их амбиции и ограничены. Ничего другого они и желать не смеют.<br><br>Если продолжить говорить о недостатках этого произведения, то невозможно не упомянуть о полном отсутствии сюжета как такового. Здесь нет полноценного конфликта, хоть и полно узелков, на которых его можно было бы построить. Появлялось много мужских героев, которые вначале претендовали на благосклонность главной героини, а потом исчезали в тумане. Это можно было интересно раскрутить, а как итог слишком поверхностно для полноценных конфликтов. Если убрать эти сцены из сюжета, то ничего бы не изменилось кроме объёма произведения. Если у меня спросят о чём эта книга, то я даже не смогу пересказать сюжет, потому что его тут особо и нет...<br><br>Я прекрасно понимаю, что поведение героев и их мотивы могут быть вполне обоснованными и распространёнными для людей того времени, в которое оно была написана, но это не отменяет того факта, что в этом случае данное произведение уже давным давно утратило свою актуальность в современном обществе.<br><br>Мои чувства после окончания чтения этого романчика отлично отражает строка из книги:<br><br>В минуту освобожденья от него Элизабет пережила экстаз.','2025-05-11','Одобрено'),(31,16,31,'Heavenly Нost','Год 80-летия Победы в литературе и кино оказался для меня партизанским: \"Облачный полк\" Эдуарда Веркина и \"Восхождение\" Ларисы Шепитько. Резонирующие произведения, где много общих черт, но и различий в самом, может быть, важном. Зима 42ого. Псковские леса. Мальчишки - почти комсомольцы, партизаны. Отряд в лесу, землянки, головокружительные истории военных подвигов, диверсионные задания, оккупированные деревни и странная даже не дружба, а товарищество. Митька \"прикреплен\" к Санычу, потому что страдает топографическим идиотизмом после контузии и один может потеряться, зато вместе они - отличная команда. Саныч за свои подвиги уже представлен к награде как самый юный герой. Казалось бы простые военные дни с постоянным недосыпом и голодом. Но Веркин впустил в книгу магический реализм, замаскированный под суеверия, сумасшествия, сны, лихорадки, и картина жизни партизан становится зыбкой для читателя и для рассказчика. Вся эта необъяснимая чертовщина делает историю как будто нереальной, но в тоже время настолько осязаемой, что веришь и не веришь одновременно. Совпадение ли, судьба ли, но что-то невидимое ведет людей к тому финалу, что им предначертан. <br>Мне очень понравился стиль текста, внятный, не сухой, как раз для молодого поколения, в нем нет пошлости и грязи, но в нем есть сцены жестокости, обусловленные, конечно, событиями. Не уверена, что без них можно обойтись, иначе получилось бы подслащенное чтиво.<br><br>Слушала книгу в исполнении Кирилла Дубровского, хорошо чувствует текст и внимательно работает с материалом, крепкая работа.','2025-05-11','Одобрено'),(32,18,32,'На Аляске ошибаются один раз. Только один. Потому что второй станет последним.','Ох, как же эмоционально пишет автор и какие непростые истории получаются... Книга очень понравилась, да тяжёлая, да эмоциональная, моментами очень стеклянная, сюжет буквально затягивает с первых страниц. <br><br>Книга написана от лица девочки подростка, её взгляды на жизнь... Девочка не по годам мудра и виной тому непростая жизнь и ситуация в семье. Отец который кошмарит всю семью, к сожалению по себе знаю из детства, как это жить в семье, когда всё зависит от настроения и состояние одного человека. Это очень тяжело... Отношения родителей абсолютно нездоровые и от этого конечно же в первую очередь страдает ребёнок, но к сожалению родители никогда об этом не задумываются. Но не буду сильно в это углубляться... <br><br>Сюжет развивается на Аляске, ох как я люблю такую тему! Много смотрела фильмов и телепередач про это суровое место. Семья переезжает и совсем не знает, что их ожидает, вначале они стараются, но потом приходит долгая зима, питания нет, денег нет, плюс у отца главной героини снова сносит крышу от этого жизнь совсем становится не сахар, единственное меня очень удивлял характер девочки, она очень сильная и мудрая для своего возраста ( в чём-то есть заслуга отца, с таким отцом грех не стать сильной...). <br><br>Главная героиня из маленькой девочки вырастает во взрослую девушка. У Лени появляется своя собственная судьба, которая к сожалению опять же тесно связано с её психически больным отцом. Девушка приобретает любовь. Проходит трудности и в конце концов обретает счастье.','2025-05-11','На рассмотрении'),(33,19,33,'Я — русский солдат!','\"Эта история про бесстрашного русского солдата. Ей проникаешься и живешь жизнью Коли Плужникова на каждой странице книги.  Это действительно была маленькая жизнь, которую Коля провел в борьбе. Он обладает несгибаемой волей и чувством долга. Именно эти качества делают его настоящим героем, примером для подражания. Он – символ стойкости и непоколебимости русского духа.<br><br>Каждый персонаж встречающийся Коле на его пути, очень хорошо прописан и охарактеризован. Показано, как стрессовая ситуация из одних делает героев, а из других - предателей. К сожалению сюжет романа исключительно драматичен, что не удивительно для подобных книг, но все же Борис Васильев - это мой автор.<br><br>Это книга о настоящей любви – любви к Родине, к людям, к жизни. И эта любовь помогает выстоять в самые трудные времена.\"','2025-05-11','Отказано'),(34,20,34,'Вся история - это последние 20 страниц','Книгу пришлось читать через абзацы и даже через страницы. На половине книги пришла мысль: зачем я читаю эту муть? Хотя бы какие-то движения по сюжету начали происходить примерно после 2/3 прочитанного и стало чуть интереснее читать. <br><br>Поворот в конце хорош. Все время, пока читала, меня мучила мысль: почему полицейский выпустил в безоружного преступника 3 пули и ему за это ничего не было. Но книга была такая бездарная, что я все же решила, что это дыра в сюжете, а не важная деталь. Поэтому в конце была приятно удивлена. Это единственное, что меня порадовало. Не зря мучилась, читая книгу.','2025-05-11','Отказано'),(35,21,35,'Страшная правда','Именно эта книга принесла ему всемирную известность, автору на тот момент было всего 27 лет.<br><br>Я не самый большой поклонник детективов. Считаю их не самой качественной литературой. Но этот оказался исключением. Я получила философско-психологический детектив, а это согласитесь больше чем просто расследование.<br><br>: В книге множество слоёв лжи, которые скрывают правду — как в преступлении, так и в литературе.<br><br>: Роман — метаистория о том, как пишутся книги, где правда и вымысел переплетаются.<br><br>: Как быстро можно взлететь и как легко можно быть разрушенным.<br><br>: История отношений между взрослым мужчиной и несовершеннолетней девушкой, поданная сложно, с психологической глубиной.<br><br>: Кто управляет истиной — тот, кто говорит громче или тот, кто копает глубже?<br><br>До самой последней главы вы так и не узнаете правду. Она настолько дикая и неподдающаяся логическому объяснению, что без остальных глав она не имеет смысла. А вот зная основную историю и всех персонажей эту концовку можно принять.<br><br>В романе используется очень много всяких приемов. Например, ненадежные рассказчики, отсылки к прошлому, вставки о писательстве или боксе. Сама композиция очень интересная. Конечно, книга большая. Но мне было что почитать из этого объема.<br><br>Понравилось как были показаны родители в разных семьях - Гольдмана и Дженни с их гиперопекой, Нолы - с бессилием и отчаянием.<br><br>Я увидела любовь на второстепенном плане. Я не могу сказать, что я в нее поверила, но узнав семью Нолы у меня все в голове сложилось. Девочка так хотела любить, что выбрала человека, которому любовь была жизненна необходима. Я бы не приравнивала Нолу к \"Лолитам\". Она отличается и чтобы не раскрывать подробности я бы не объясняла почему.<br><br>Отдельное место заслуживает Калеб. Он в книге вызвал у меня наибольшее сочувствие. Отличающийся от всех людей он навсегда остался изгоем и дикарем, несмотря на свой талант и желание быть среди людей.<br><br>Книга хороша и сериал по ней тоже.','2025-05-11','На рассмотрении'),(36,22,36,'Жизнь и трагедии писателя Т.С. Гарпа','Тайна рождения Т.С. Гарпа может смутить особенно хрупкие сердца. Ведь его мать, Дженни Филдз, никогда не хотела брака и отношений. Но однажды решила, что хочет ребенка. А уж если Дженни что-то решила, ее было не остановить.<br><br>Поэтому с Гарпом читатель прямо с момента зачатия. И до момента его смерти.<br><br>Юный Гарп, привыкший к больничным запахам и затянутой в белый халат матери (Дженни носила свой халат медсестры как броню), Гарп-подросток, влюбившийся в писательство и борьбу, Гарп-юноша, пытающийся стать писателем в Вене, взрослый Гарп, муж и отец, сходящий с ума от тревоги за своих детей и заводящий интрижки с няньками.<br><br>Взрослый Гарп — писатель, но так уж вышло, что его мама успела опубликовать свою книгу раньше него и стать настоящей иконой феминизма. А Гарп, всю жизнь мечтавший стать писателем, прикрылся ее тенью и остался «сыном Дженни Филдз» на обложках. Хотя его едва ли это сильно расстраивало.<br><br>Звучит достаточно скучно, да? Так вот, эта книга совсем не про скуку. Жизнь Гарпа, его жены Хелен, их семьи и друзей, полна взбалмошных решений, измен, трагедий и соблазнов. Их жизнь — это калейдоскоп безумных событий, на которых направлено увеличительное стекло Ирвинга. И из-за этого от книги так сложно оторваться, а еще сложнее объяснить, почему она тебе так понравилась.<br><br>Так как в книге почти 700 страниц, мне приходилось делать перерывы в чтении. Но даже когда я, отложив книгу, шла есть, учиться или пыталась лечь спать, меня сжигало любопытство, и я спешила вернуться к Гарпу. Ирвинг затронул столько тем и замешал такой густой сюжетный суп, что предсказать, что будет в следующей главе, было очень нелегко.<br><br>В этой книге есть: асексуальность (Джинни всю жизнь пыталась понять, что же такого в этом сексе, что его все вокруг хотят); медведи; феминизм разной степени радикальности; измены и семейные драмы, которым позавидует мыльная опера; писательский поиск; смерти и потери; взлеты и падения, а еще те ошибки, которые всегда делают люди, потому что иначе они не были бы людьми. Прибавим просачивающиеся в текст рассказы и главы романов Гарпа. Взболтать, но не смешивать.<br><br>Это и семейная сага, и некий манифест, и трагикомедия, и роман в романе, и много что еще. Джон Ирвинг видит обыденность в сюрреальном, а быт превращает в клоунаду, процеживая жизнь своего героя через мелкое сито и выставляя в романе, как на витрине, самые значимые кусочки. И эти кусочки складываются в такой чудесный и универсальный роман, который можно читать где угодно и в каком угодно настроении. Сам Гарп совсем не идеален, но мир его глазами — это мир, в котором любой может заслужить прощение.<br><br>В романе есть замечательный персонаж - Джилси,  уборщица в издательстве, которая одну из книг Гарпа прокомментировала так: «Этот человек просто сумасшедший. Никто в здравом уме никогда не написал бы такой книги. ... Жуть! Просто жуть!... Ведь там все как взаправду!». И в иные моменты книги мне казалось, что я - Джилси, а эти слова Ирвинг написал о своем собственном романе.','2025-05-11','Отказано'),(37,23,37,'Инь и янь гессианства','\"Мне очень понравилась эта книга. Кроме того, что я взяла еще не читанный роман одного из любимых авторов, я действительно попала в произведение, которое развивает тему (направление в творчестве? Тематику?), начатую в \"\"Демиане\"\" и завершенную в \"\"Игре в бисер\"\". Два молодых человека, один - интеллектуал, другой - художник. В \"\"Демиане\"\" мы прощаемся с героями, когда они из подростков становятся взрослыми, в \"\"Нарциссе и Златоусте\"\" прослеживаем целиком судьбу художника, а в \"\"Игре в бисер\"\" - жизнь мыслителя. Меняется мир, в котором действуют герои, но также и Мастер Игры во время обучения описывал свой год, помещая свое я в другое время и место. В \"\"Нарциссе и Златоусте\"\" - стилизованное средневековье, но эта та же история, что в Демиане (начало 20 века) что в \"\"Игре в бисер\"\" (альтернативная реальность примерно 50х годов 20 века). В каждой книге пара мужчин - я вижу в них две стороны личности Германа Гессе и средство для исследования себя и \"\"человека\"\", в целом.<br><br>Что меня поражает в этих жизнеописаниях, это как мало успевает человек. Златоуст создает три больших художественных произведения - это ужасно реалистично! Нарцисс и Златоуст оба оставили по себе добрую память, но в относительно локальных масштабах.<br><br>Какой эффект в будущем произведут работы Златоуста, как повлиял Нарцисс на будущее монастыря - не известно, но оба героя доходят до момента, когда они оба считают, что максимально раскрыли свой потенциал, благодаря сравнению друг с другом. Каждый из них приложил усилия, чтобы понять второго и его судьбу, и так лучше понимает самого себя.<br><br>Продолжая аллегорию двух половин одного Гессе, верно ли, что эта книга примиряет два разных человечесих устремления, творческую свободу и жесткую структуру рационального мышления, и еще раз раскрывает авторскую идею о том, как созревает личность человека во всей своей полноте?<br><br>Мне нравится авторский стиль в описании житейский приключений, опасностей, восторгов и ужасов. Гессе не \"\"щиплет\"\" душу,  но предлагает посмотреть на жизнь людей, обсудить феномен со спокойной головой, насладиться чужим опытом. Я бы сказала, что я пыталась не пережить чужие эмоции или понять логику объяснений (хотя и это тоже), но больше всего я наслаждалась дружбой героев, их связью, даже когда они были порознь, красотой их дуэта. Странно, что \"\"Нарцисс\"\" Караваджо и подходит и нет для обложки этой книги...\"','2025-05-11','Отказано'),(38,24,38,'Его пример другим наука','Удивительно легко читаемое повествование про людей, двигавших наиболее важные и сложные исследования 20-го века. Находясь на грани фикшена и нон-фикшена, книга позволяет прикоснуться к мукам творчества и жизни людей, которых можно назвать гениями, и при этом не погружаться в предмет их исследований. По ощущениям и драйву книга напомнила \"Дядя Петрос и проблема Гольдбаха\" Доксиадиса. При этом, как и многим другим читателям, мне не хватило дисклеймеров о том, что многое в книге о личной жизни героев - это художественный вымысел, потому что с одной стороны интересно конечно читать про внутренний мир Шрёдингера, все же очевидно, что никто и никогда до такой глубины его не знал. Про Гротендика и Тамагаву мне был интересен и сам сюжет без оформления - мало знал про перельмановскую таинственность обоих. Книга в очередной раз убеждает, что чтобы заниматься сложным интеллектуальным творчеством люди платят немалую цену, причем как сами творцы, так и люди их окружающие, а также что открытия не всегда приводят к благу для всех, поэтому ответственность и моральные принципы ученого - это важно.','2025-05-11','На рассмотрении'),(39,25,39,'Очень интересная находка в жанре фантастики','\"Неожиданная и интересная идея о перемещениях во времени не с помощью механизма/машины, а с помощью включения у себя ощущения прошлого.  Правда, честно, ничего научного я не увидела в этом способе. Мне показалось, что все несколько наивно, что ни в коей мере не умаляет сам факт идеи<br><br>Я в восторге от отношения автора/главного героя к Нью Йорку 1882, с какой любовью и нежностью он его описывает.  Все описания настолько живые несмотря на сильную детализацию, что как будто их сама видишь.<br><br>В принципе где то к середине книге мне казалось, что автор просто придумал новый способ путешествия во времени и на этом все. Но концовка оказалась достойной, сильной и очень четко показало мнение американца к своему правительству сейчас и к миру в целом.<br><br>Но в целом, это скорее ностальгический роман с элементами фантастики<br><br>\"\"Пожалуй, самое сильное чувство, движущее родом человеческим, сильнее чувства голода и чувства любви - это любопытство, неодолимое желание узнавать.\"\"\"','2025-05-11','Одобрено'),(40,26,40,'Наделенная','Если вижу автора- читаю. Мне импонирует стиль и подход. Эта история попадает в мой список славянского фэнтези. Читалось увлекательно, в моментах которые меня злили, я делала паузы и через час возвращалась.<br><br>Героев у нас трое: Крапива - сильная и прощающая, то что на моей земле завется жалостью женской; Шатай - чуткий и незаметный; Влас - закрытый и балованный. Они очень разные, это не давало оторваться от истории. Теперь сама история - для меня лично, она про борьбу с воспитанием и детскими травмами. И дикий шлях, и недолюбленный княжич и затюканная травница на начало истории не могут справится с тем что с ними сделали те кто должен был просто любить. Отсюда жестокие, ужасные и дико наивные поступки. Но путь их подсвечивает, показывает, что нет зла и добра. Все мы - серые. И тогда каждый из них принимает решения, которые освобождают и меняют их. Люблю когда герои - сами вершат свою судьбу.','2025-05-11','Одобрено'),(41,17,41,'Не любовью единой...','Журавлёва мне нравится всё больше и больше. У неё акценты в книгах интересно расставлены. Вроде и ромфантическая лёгкость есть, но и что-то такое настоящее чувствуется. Как будто время тратишь не совсем впустую ;)<br><br>В первой книге цикла любовная линия вообще отсутствовала, во второй Лара аж замуж внезапно выскочила. В целях маскировки (а я была уверена, что это её брат))). И кругом мужчин прибавилось (собственно, война ж, армия, оно понятно) - главное, отношения со всеми... агрессивно-дружески- возвышенные; ежели дружить со всеми, дружилка сломается; если мстить, так никого в живых не останется. Наученная горькими рассказами Ожешко, во всём теперь вижу исключительно братскую любовь.  Прям Офелия Донован. Как сорок тысяч братьев любить не могут...<br><br>Политические интриги и военные пассажи здесь столь же увлекают, как и вопросы происхождения Лары Донован, её отношений с вампирами, родителями, бывшими и будущими женихами. Да и тема дружбы, на самом деле, мне очень нравится. Лара не зацикливается на любовных переживаниях и на одном (или двух) мужчинах, как обычно закручивается в ромфанте - она живёт в обществе и у неё много социальных связей (несмотря на её особенности и агрессивность!); много людей (призраков), за которых она переживает, которые ей важны.  Может быть, поэтому Журавлёва интереснее прочих - персонажи реальнее.','2025-05-11','Одобрено'),(42,27,42,'когда логика встречается с мистикой - рождается шедевр!','Анна Александрова создала не просто книгу, а настоящий портал в мир, где скептицизм сталкивается с мистикой, где логика отступает перед лицом необъяснимого, и где читатель с замиранием сердца следит за каждым сюжетным поворотом. \"Аркан 22\" – это глоток свежего воздуха в жанре детектива, книга, которая затягивает с первых страниц и не отпускает до самого финала.Младший лейтенант Алексей Никитин, казалось бы, персонаж, сотканный из рациональности и прагматизма, оказывается втянутым в водоворот событий, масштаб которых сложно даже вообразить. Расследование загадочных исчезновений, где жертвы словно сошли с карт Таро, превращается для него не просто в работу, а в личный вызов. И вот тут начинается самое интересное!Александрова мастерски играет с жанровыми клише, переворачивая их с ног на голову. Обаятельная ведьма с гипнотическими глазами – это не просто любовный интерес, а ключевой игрок в разворачивающейся драме. Оживший труп в морге – это не банальный ужастик, а отправная точка для головокружительного расследования, полного неожиданных открытий. И даже коллега, кажущийся надежным союзником, оказывается… (а вот тут я промолчу, чтобы не испортить вам удовольствие от прочтения!).Сюжетные повороты в \"Аркан 22\" настолько лихо закручены, что предугадать, что произойдет дальше, практически невозможно. Каждый новый эпизод открывает новую грань этого многослойного мира, заставляя читателя задаваться вопросами: Кто друг? Кто враг? И что, черт возьми, происходит на самом деле?Анна Александрова – настоящий мастер повествования. Её слог легок, динамичен и полон ярких образов. Она умело сочетает элементы детектива, мистики, и романтики, создавая неповторимую атмосферу, которая одновременно пугает и завораживает. Описания ритуалов, сражений и взаимодействий героев настолько живописны, что невольно начинаешь верить в существование магии.\"Аркан 22\" – это не просто книга, это приключение, которое останется с вами надолго после того, как вы перевернете последнюю страницу. Это история о вере, о любви, о долге и о том, что даже в самом темном городе всегда есть место для надежды. Настоятельно рекомендую к прочтению всем любителям захватывающих и оригинальных историй!  Поверьте, вы не пожалеете!','2025-05-11','Одобрено'),(43,28,43,'Чтиво для поддержки творческих порывов','Во многом откликнулся роман. О непростом пути, который необходимо пройти не только главной героине, но и мне самой, чтобы стать собой, чтобы реализоваться. Захватывает параллельная сюжетная линия и описание фоновых событий. В голове несколько запомнившихся моментов из книги, глубокие по смыслу и важные именно для меня. Плюс красивые и трогательные сцены, как в кино.','2025-05-11','На рассмотрении'),(44,29,44,'Жизнь одной лошади...','Очень трогательная история о коне. В конце я все же не смогла сдержаться и заплакала. После этой книги я даже по другому буду смотреть на лошадей.','2025-05-11','Одобрено'),(45,30,45,'Отзыв','\"Мы живем в одном мгновении, Джим. Именно это мгновение и есть жизнь. Вчерашний день растворяется, превращаясь в память. А завтра наступит не для всех.\"А как жить? Если ты существуешь, а не живешь? Как жить если в глазах, зеркалах души, пустота и боль? Все это мы узнаем, и многое другое, прочитав этот мрачный магический детектив. Главный герой, Джим Беккет, сломленный человек, без друзей и родных. Честно, понимаешь почему он такой, но он не вызывает сочувствия. Потому, что сломался, озлобившись и ожесточившись, не видя для себя другой цели, кроме мести. А сочувствие вызывают другие персонажи. Просто жертвы обстоятельств, которые разрушили их жизнь, но не заставили их опустить руки.Нора и Клайд, жили дальше и надеялись на лучшее, пытались что-то исправить. А какая интрига-загадка оказалась за всеми этими мрачными, темными, наполненными запахом ржавчины и соли, событиями! Не смотря на отсутствие солнца и тепла, сюжет держал в напряжении на протяжении всей книги и развязка для меня оказалась очень неожиданной. И я была рада положительному эпилогу. Хотя, честно не ждала. Но без черного не видно белого. И эта история еще одно напоминание, что нельзя опускать руки. Не смотря на обстоятельства надо двигаться дальше. Спасибо автору за это напоминание!','2025-05-11','Одобрено'),(46,31,46,'В каждом из нас живет магия, но не каждый с ней справится!','Даже если ты простая девчонка в обычном мире – всегда есть шанс стать настоящей ведьмой. И то какой путь ты выберешь – зависит только от тебя.<br><br>Алика думала, что возможность «дать совет от ведьмы», снять порчу или, наоборот, пригрозить расправой – это неплохое такое прикрытие от врагов в школе, да и возможность жить, спокойно зарабатывая небольшие деньги – чем не развлечение для подростка?  С раннего возраста ей удавалось подмечать за людьми мелочи, а увлечение психологией усилило эту способность в разы. В итоге девушка думала, что помогает школьникам просто советами, а «серые пакеты» и яркие ауры, которые она изменяла — это только игра её богатого воображения.<br><br>Но жизнь меняется, идет время и приходит осознание, что это всё не случайно. А одна встреча и вовсе поворачивает жизнь Алики на 180 градусов! Эрик вводит её в новую семью, где магия разносторонна и требует обучения, где существуют потомственные маги и черные ритуалы и порчи. Где у девушки появляются настоящие друзья и первая любовь. Сможет ли героиня стать сильнее? Сможет ли остаться на светлой стороне и запомнить на всю жизнь те самые глаза, которые с такой любовью смотрят на нее?<br><br>Книга стала для меня находкой! Инструкция как стать настоящей ведьмой – именно тут! Ну а любители старой битвы экстрасенсов вообще попискивать от удовольствия будут!) (да-да, я в молодости любила посмотреть). Автор интересно разделила временную линию на прошлое, где происходят основные события, и настоящее, где уже опытная Алика просто занимается своей работой, видит, как на духу, судьбы людей и помогает им.<br><br>Вот только о самой ведьма, нам поведает как раз прошлая часть. Как она стала такой, к чему стремится и почему одна. Все это читателям предстоит узнать через увлекательные и опасные приключения подростков. Мы будем наблюдать за подселением бесов, за развитием любовных отношений, за горькими потерями и настоящим мужеством. Автор поднимет множество социальных проблем, а главное совсем не дает нам заскучать. И даже поступки темного подселенца нам в конце разложат аккуратно на блюдечке. И мы поймем, простим и отпустим.<br><br>Если вы хотите понаблюдать за жизнью магов в настоящем мире, за их возвышением и падением, за жизненными урокам на собственных ошибках и расплатой за магию, то не пропустите эту классную историю. Тем более концовка очень интересна и многогранна!<br><br>Но если вы ищите фэнтези с большой и чистой любовью – подвиньтесь, эта не ваша история, тут всё по-настоящему! Вы не только поверите в магию среди нас, но и слегка дотронетесь до множества миров и параллельных реальностей! И да, финал – шикарный, хочется еще больше узнать о судьбе Алике и её друзьях, хочется больше настоящих ведьминских сеансов и магических приключений!<br><br>Советую к прочтению!','2025-05-11','Одобрено'),(47,32,47,'хороший детектив','Хороший детектив с убийством в закрытой комнате. И парочкой неожиданных поворотов (один из них был ну очень интересный).<br><br>Много отсылок к другим книгам, что я тоже люблю. И это создает определенное настроение, дает подсказки и раскрывает внутренний мир героев. Что тоже плюс.<br><br>Не очень понравилась финальная часть и развязка. Хотя и логично всё сложилось. Но хотелось чуть больше новизны и неожиданности.<br><br>В целом книга понравилась. В том числе и переходами между частями.','2025-05-11','На рассмотрении'),(48,33,48,'пропавший без вести, я назову тобой дорогу...','\"ежедневно в ленте появляются посты о поиске пропавших людей. дети и взрослые, подростки, старики выходят из дома и пропадают с радаров. кто-то из них выходит на связь сам, кого-то отыскивают, и тогда на ориентировках появляется красная или черная полоса. а кто-то так и остается пропавшим без вести. поиском занимаются волонтеры и профессионалы. эта книга написана сотрудником МУРа, рассказ из первых уст. несколько непростых историй.<br><br>жизнь сотрудников уголовного розыска не только трудна и опасна, но и непредсказуемо-интересна. в книге собраны разные истории. по-настоящему страшна и трагична лишь одна из них, первая, она задает градус, накручивает читателя, с головой бросает в поисковые будни.прочие рассказы больше о человеческой глупости, безответственности, халатности, эгоизме. все то, что в обычной жизни доставляет дискомфорт, влечет какие-то сложности, в масштабах поиска пропавшего человека становится настоящими препятствиями, затрудняющими работу и крадущими время.<br><br>книга написана живым \"\"человеческим\"\" языком, без перегрузки специальными терминами, читается быстро, увлекая за собой обывателя, мало что не смыслящего в поиске. вот я вместе с операми сижу в засаде, устроенной в стриптиз-баре, вот всерьез размышляю над тем, куда мог деться человек из электрички Тула-Москва, если ни на одной станции он не вышел и в Москву не прибыл..<br><br>сложные задачи, для решения которых нужен не только высокий профессионализм, но и способность оставаться человеком, умение совмещать холодный рассудок и сочувствие, сопереживать, но не выгореть в призвании, ведь дома семья. как сложно, наверное, быть женой опера, не видеть мужа сутками, понимать, что он рискует жизнью на своей опасной, но такой необходимой работе.<br><br>было интересно заглянуть за кулисы, взглянуть на работу МУРа с другой стороны. эта книга мне напомнила добротные советские детективы о милиции. несмотря на непростую тему, в ней нет грязи, дичи, чернухи. зато есть место добротному юмору и дружбе, товариществу, взаимовыручке. дай Бог каждому, чтобы эта тема никогда вас не коснулась и осталась только познавательной книгой. но вот на что я хочу обратить внимание: нет никакого правила трех суток, в течение которых, якобы, не принимают заявления о пропаже людей. нельзя терять время, нельзя ждать. чем быстрее будут приняты меры, тем больше шансов найти потеряшку.<br><br>хорошая книга, нужная. спасибо автору и за нее, и за непростую его работу\"','2025-05-11','Одобрено'),(49,34,49,'А стоило ли бежать?','Легкое \"роад муви\", написанное изящным французским стилем из скепсиса и трогательности. Сама завязка сюжета, сам сюжет и главный герой вполне стандартные для современного масскульта и мы могли их встретить как в кино, так и в литературе десятки раз. Изящный стиль, который решил использовать автор, видимо чувствуя себя Альфонсом Доде, не позволяет осознать трагизм и драматизм различных сцен, в которые попадает Анри. Поэтому самый главный вопрос из прочитанного мною вынесен в заголовок.<br><br>Отвечает на него положительно, в самом конце повести, Вито. \"Ты в современном мире являешься важным лишь тогда, когда удивляешь мир, когда все вокруг только и говорят о тебе\". Об Анри говорили и писали, да и сам он полностью изменился, благодаря собственной трусости, от роботизированного стандартного обывателя, до летчика-аса, накручивающего в небе мёртвые петли и надпись \"Libertad\".<br><br>Стоило.','2025-05-11','На рассмотрении'),(50,6,1,'О МАЙ БОГ','<p>ну короче, я просто в шоке</p><p><strong style=\"color: rg<span class=\"forbidden-word\">b(51, 51, 51);\">тут жирный текст</strong></p><p><em style=\"color: rgb(51, 51, 51);\">а тут короче курсив</em></p><p><u style=\"color: rgb(51, 51, 51);\">здеся</span> подчеркнутый</u></p><ol><li>один</li><li>два</li><li>три</li></ol><ul><li>точки</li><li>точки</li><li>точки</li></ul><p>пиздец в общем</p>','2025-09-28','Обнаружено нарушение');
/*!40000 ALTER TABLE `reviews` ENABLE KEYS */;
UNLOCK TABLES;

--
-- Table structure for table `userbooks`
--

DROP TABLE IF EXISTS `userbooks`;
/*!40101 SET @saved_cs_client     = @@character_set_client */;
/*!50503 SET character_set_client = utf8mb4 */;
CREATE TABLE `userbooks` (
  `id_user` int NOT NULL,
  `id_book` int NOT NULL,
  `list_type` enum('Читаю','В планах','Брошено','Прочитано','Любимые') NOT NULL,
  `added_date` date NOT NULL,
  PRIMARY KEY (`id_user`,`id_book`),
  KEY `id_book` (`id_book`),
  CONSTRAINT `userbooks_ibfk_1` FOREIGN KEY (`id_user`) REFERENCES `users` (`id_user`),
  CONSTRAINT `userbooks_ibfk_2` FOREIGN KEY (`id_book`) REFERENCES `books` (`id_book`)
) ENGINE=InnoDB DEFAULT CHARSET=utf8mb4 COLLATE=utf8mb4_0900_ai_ci;
/*!40101 SET character_set_client = @saved_cs_client */;

--
-- Dumping data for table `userbooks`
--

LOCK TABLES `userbooks` WRITE;
/*!40000 ALTER TABLE `userbooks` DISABLE KEYS */;
INSERT INTO `userbooks` VALUES (1,2,'В планах','2025-02-27'),(1,3,'Прочитано','2025-02-28'),(1,4,'Любимые','2025-03-01'),(1,16,'Читаю','2025-03-16'),(1,18,'Брошено','2025-03-28'),(1,20,'Любимые','2025-04-09'),(1,22,'В планах','2025-03-22'),(1,24,'Прочитано','2025-04-03'),(2,5,'Читаю','2025-02-25'),(2,6,'В планах','2025-02-26'),(2,7,'Брошено','2025-02-27'),(2,8,'Прочитано','2025-02-28'),(2,9,'Любимые','2025-03-01'),(2,17,'Читаю','2025-03-17'),(2,19,'Брошено','2025-03-29'),(2,21,'Любимые','2025-04-10'),(2,23,'В планах','2025-03-23'),(2,25,'Прочитано','2025-04-04'),(6,1,'Прочитано','2025-08-21'),(6,10,'Читаю','2025-02-12'),(6,11,'В планах','2025-02-13'),(6,12,'Брошено','2025-02-14'),(6,13,'Прочитано','2025-02-15'),(6,14,'Любимые','2025-02-16'),(6,16,'Прочитано','2025-04-05'),(6,18,'Читаю','2025-03-18'),(6,20,'Брошено','2025-03-30'),(6,22,'Любимые','2025-04-11'),(6,24,'В планах','2025-03-24'),(6,27,'В планах','2025-06-04'),(6,46,'В планах','2025-06-09'),(7,15,'Читаю','2025-02-18'),(7,17,'Прочитано','2025-04-06'),(7,19,'Читаю','2025-03-19'),(7,21,'Брошено','2025-03-31'),(7,23,'Любимые','2025-04-12'),(7,25,'В планах','2025-03-25'),(8,16,'В планах','2025-03-26'),(8,18,'Прочитано','2025-04-07'),(8,20,'Читаю','2025-03-20'),(8,22,'Брошено','2025-04-01'),(8,24,'Любимые','2025-04-13'),(10,17,'В планах','2025-03-27'),(10,19,'Прочитано','2025-04-08'),(10,21,'Читаю','2025-03-21'),(10,23,'Брошено','2025-04-02'),(10,25,'Любимые','2025-04-14');
/*!40000 ALTER TABLE `userbooks` ENABLE KEYS */;
UNLOCK TABLES;

--
-- Table structure for table `users`
--

DROP TABLE IF EXISTS `users`;
/*!40101 SET @saved_cs_client     = @@character_set_client */;
/*!50503 SET character_set_client = utf8mb4 */;
CREATE TABLE `users` (
  `id_user` int NOT NULL AUTO_INCREMENT,
  `name_role` enum('Пользователь','Модератор','Администратор') NOT NULL DEFAULT 'Пользователь',
  `name_user` varchar(255) NOT NULL,
  `login_user` varchar(100) NOT NULL,
  `password_hash` char(60) NOT NULL,
  `profile_image_url` varchar(255) DEFAULT NULL,
  `registration_date` date NOT NULL,
  `status_user` enum('Активен','Заблокирован') NOT NULL DEFAULT 'Активен',
  PRIMARY KEY (`id_user`),
  UNIQUE KEY `name_user` (`name_user`),
  UNIQUE KEY `login_user` (`login_user`)
) ENGINE=InnoDB AUTO_INCREMENT=36 DEFAULT CHARSET=utf8mb4 COLLATE=utf8mb4_0900_ai_ci;
/*!40101 SET character_set_client = @saved_cs_client */;

--
-- Dumping data for table `users`
--

LOCK TABLES `users` WRITE;
/*!40000 ALTER TABLE `users` DISABLE KEYS */;
INSERT INTO `users` VALUES (1,'Пользователь','egor19061961','egor19061961@mail.ru','$2a$11$EX7mosfcGq4.i6FhTJl8WuahqsfX/nt.i3i0aiXPDJ6dbtzh1OoBW','/images/disgruntled dog.jpeg','2025-02-26','Активен'),(2,'Пользователь','anastasiya.sobachkina','anastasiya.sobachkina@gmail.com','$2a$11$EkxTsRkMiZHVWSCjAroT9O5m.aSN0IgdS6vFtTNiDz11lOqGXwx4C',NULL,'2025-02-25','Активен'),(3,'Администратор','amee','amee@gmail.com','$2a$11$IAGB.7rWeyH8beRQUre7qe56hl5SShXng7I1BRji5uuls3Qazmr5i','/images/cutes.jpeg','2025-01-12','Активен'),(4,'Модератор','larisa1990','larisa1990@yandex.ru','$2a$11$auG/YiiechfM2eXsdjMy5e0SpSg/MK1iHGO7Zy7fEZeQTi/g.cSl6','/images/me.jpeg','2025-01-18','Активен'),(5,'Модератор','apollinariya57','apollinariya57@mail.ru','$2a$11$GUxSYKxfeZl.KBUbX3e./Ol7joeaqcvCUHylrhk5.Q1wYtUmLRftG',NULL,'2025-01-29','Активен'),(6,'Пользователь','vkorss','vika.korsakova.2016@gmail.com','$2a$11$0M9XAyx4/w3azg28EdwoiOqwwS9G4bssEnhJxoL0.tRyWCX7tujUy','/images/b6fd4b60-b1d9-41fd-836b-bfab65d74cae.jpeg','2025-02-12','Активен'),(7,'Пользователь','adam5641','adam5641@rambler.ru','$2a$11$i05r1jX15YJUF406pyEhtelcRBbxa1PdUa/OWKka/Po9EElj9aWGe','/images/saad.jpeg','2025-02-18','Активен'),(8,'Пользователь','apollinariya25041990','apollinariya25041990@gmail.com','$2a$11$9n4eLYFmS7Cb7GoR/LCGLu0abiCYzJPCYJitMBz7mBt2/Rd7Sdwo.',NULL,'2025-02-12','Активен'),(9,'Пользователь','alla85','alla85@outlook.com','$2a$11$Bbod77QUdWnRlQrAPXRCTudzw9ZsRrxEUK.oha.5c5At2Qy6D26pO',NULL,'2025-02-28','Заблокирован'),(10,'Пользователь','vyacheslav1993','vyacheslav1993@mail.ru','$2a$11$zRckLIA8kWPMP/Hrr/2muOMk4.66/blroFaYxUtrBMzCeOu9fJoE6','/images/my condition.jpeg','2025-02-06','Активен'),(11,'Пользователь','viiik','vika.korsakova.2016@mail.ru','$2a$11$EVOHThze8OeVx5bZnKStRus.f2ItzdQQ2lFUlZTg.AAp/75YLTl7S',NULL,'2025-04-12','Активен'),(12,'Пользователь','marianna99','marianna99@mail.ru','$2a$11$fpWYYcrQ2GTyR5SNkn1eAOiSgJaOzgTxutA.NdiVtTFmDFtTtSMpO',NULL,'2025-02-14','Активен'),(13,'Пользователь','galina.prikazchikova','galina.prikazchikova@rambler.ru','$2a$11$2db13D9zbmnAYTvFzhd7D.Yn/8P0..8qkJ9dlZGv5OLMSr57kEwly',NULL,'2025-02-20','Активен'),(14,'Пользователь','viktoriya26041987','viktoriya26041987@mail.ru','$2a$11$7vfteCtwtciZ.WByR6Fz3O9.d8yXAJUBD5o8YhQb0CexUe.cNaZ..',NULL,'2025-03-12','Активен'),(15,'Пользователь','aleksandr1991','aleksandr1991@hotmail.com','$2a$11$FnCYTGPt5/OFPG9u60xPFuDdHaOv9oF4M4UfpJjNe4ukg.D2lnexK',NULL,'2025-02-18','Активен'),(16,'Пользователь','perchonok','peerrrchonok@gmail.com','$2a$11$Vt5qVNqckSK0OE/aodBVZO4vD/T2ZjsFItA7T9AHFPgwdpaK5R3/S',NULL,'2025-02-22','Активен'),(17,'Пользователь','Kolombinka','kolombinka@mail.ru','$2a$11$bcy9mgCIBVo2IfZorZX3JOh8LoHCm5MLQCnFMiUik/9ZLsF3YfXDO',NULL,'2025-02-28','Активен'),(18,'Пользователь','Boooks_love','tatyana@yandex.ru','$2a$11$JCXCvdLrbLfyaS2yrgAq2OYqfcCsEreNvR9ZaaEcL/jiAO3a0W7lm',NULL,'2025-04-05','Активен'),(19,'Пользователь','yakov19041968','yakov19041968@yandex.ru','$2a$11$sXiNXJ7uOtCGwDV7nEGHyO6NcVCZR89VTzr1W6bhUT0Mqc9VPqT6.',NULL,'2025-02-28','Активен'),(20,'Пользователь','_ Shipovnik','viktor1990@yandex.ru','$2a$11$hsrLtbgxpyCv5KBa83NAlumJhaVChonxmVLHrQNJWl4CfF0bnXfiu',NULL,'2025-03-15','Активен'),(21,'Пользователь','Koven Juli','rimma3717@gmail.com','$2a$11$B3kBNHJ/2ZbwACTPgPPWveDbUrfU7m5NFSalRA18NoSxcUZek2x4S',NULL,'2025-02-20','Активен'),(22,'Пользователь','raccoon_without_cakes','nina6125@mail.ru','$2a$11$TC82eFWrpWcTwXYgx3FKAe9a4prz6pMq4rH0OaKz559tGmEIADu1i',NULL,'2025-04-10','Активен'),(23,'Пользователь','lutra-lo','kuzma.seliverstov@ya.ru','$2a$11$mzR/j050A0lkp6EwbMYTO.k84HOKRwaUYPLlV1qtnfGUJZjEOgGai',NULL,'2025-02-15','Активен'),(24,'Пользователь','petr64','petr64@mail.ru','$2a$11$Vuy4iNm4vrFQlKwmQGNplOMLuyXtBLh1KTa9iuXQnLcmYjzGOMxWK',NULL,'2025-02-25','Активен'),(25,'Пользователь','NataliyaTregubova-Seletsk','nataliya@yandex.ru','$2a$11$crcm05i1tCBhfzUpbZhVCeT3k6u.22TacAMigtOoTU3.M36twWA1O',NULL,'2025-03-20','Активен'),(26,'Пользователь','kseniya15','kseniya15@rambler.ru','$2a$11$0Jx5avMUSnqqIUCZvGJwj.3G7HFf3EwcFWT8OwEsnQks4Txj8Ro.2',NULL,'2025-02-19','Активен'),(27,'Пользователь','ㅤ аннета','anneta@gmail.com','$2a$11$Uo4hvZM5rkh2Z2I/6U5ZDuwpJaZGHXaMpkX.laHyct/k8nSmuD4pu',NULL,'2025-02-24','Активен'),(28,'Пользователь','bakersoul','pelageya9151@ya.ru','$2a$11$1KrG/QCSbhBt.FH94cJv7.UT1waFkDyXcb9W.x77QuOPjZLV9dqfC',NULL,'2025-03-14','Активен'),(29,'Пользователь','anna24051989','anna24051989@rambler.ru','$2a$11$xP2fIwNji5H027RRWPia/.tBSy/FXJLDMWfUgFhvLCMZwyUTUQjPO',NULL,'2025-04-07','Активен'),(30,'Пользователь','viktoriya09041995','viktoriya09041995@hotmail.com','$2a$11$m2cYn2YZHoKVrvv8OaHyYuDUKUTuAvi64vVrQMw15CVjWvmGJbF0O',NULL,'2025-02-23','Активен'),(31,'Пользователь','rostislav6081','rostislav6081@ya.ru','$2a$11$Bfmyoj6o2ibTvyXK.f35JekqFl5s39ddT8IRUn.NPcJtTh0Gmi156',NULL,'2025-02-15','Активен'),(32,'Пользователь','elena1962','elena1962@mail.ru','$2a$11$U0LHhBfTn2UDJT3dqM7/2ezEyJaMIKVtE.GTPBBracYUkgkkTgmje',NULL,'2025-03-10','Активен'),(33,'Пользователь','yuliana14071962','yuliana14071962@mail.ru','$2a$11$XZMxwv4TkWx7m78wuzWl2uiikpJvHCAGJhPEnWP.hHkVtilJZrg6G',NULL,'2025-02-20','Активен'),(34,'Пользователь','viktor35','viktor35@gmail.com','$2a$11$jrNQQuqM1Jgr6Ix/QYzT/u6vv1dUNu5hv5w7HaIOxXw/KxzXy3xBm',NULL,'2025-02-27','Активен');
/*!40000 ALTER TABLE `users` ENABLE KEYS */;
UNLOCK TABLES;

--
-- Table structure for table `viewhistory`
--

DROP TABLE IF EXISTS `viewhistory`;
/*!40101 SET @saved_cs_client     = @@character_set_client */;
/*!50503 SET character_set_client = utf8mb4 */;
CREATE TABLE `viewhistory` (
  `id_user` int NOT NULL,
  `id_entity` int NOT NULL,
  `type_entity` enum('Книга','Рецензия','Подборка') NOT NULL,
  `view_date` date NOT NULL,
  PRIMARY KEY (`id_user`,`id_entity`,`type_entity`),
  CONSTRAINT `viewhistory_ibfk_1` FOREIGN KEY (`id_user`) REFERENCES `users` (`id_user`)
) ENGINE=InnoDB DEFAULT CHARSET=utf8mb4 COLLATE=utf8mb4_0900_ai_ci;
/*!40101 SET character_set_client = @saved_cs_client */;

--
-- Dumping data for table `viewhistory`
--

LOCK TABLES `viewhistory` WRITE;
/*!40000 ALTER TABLE `viewhistory` DISABLE KEYS */;
INSERT INTO `viewhistory` VALUES (1,1,'Книга','2025-02-26'),(1,1,'Рецензия','2025-03-01'),(1,1,'Подборка','2025-03-01'),(1,2,'Книга','2025-04-15'),(1,3,'Книга','2025-04-15'),(1,4,'Книга','2025-04-15'),(1,4,'Подборка','2025-03-05'),(1,5,'Книга','2025-04-15'),(1,5,'Рецензия','2025-03-06'),(1,6,'Рецензия','2025-03-08'),(1,6,'Подборка','2025-03-07'),(1,7,'Книга','2025-02-26'),(1,7,'Рецензия','2025-03-07'),(1,8,'Книга','2025-04-15'),(1,8,'Подборка','2025-03-09'),(1,9,'Книга','2025-04-15'),(1,10,'Книга','2025-04-15'),(1,10,'Подборка','2025-03-11'),(1,11,'Книга','2025-04-16'),(1,12,'Рецензия','2025-03-14'),(1,12,'Подборка','2025-03-13'),(1,13,'Книга','2025-02-26'),(1,13,'Рецензия','2025-03-13'),(1,13,'Подборка','2025-03-13'),(1,14,'Книга','2025-04-16'),(1,15,'Книга','2025-04-16'),(1,16,'Книга','2025-03-16'),(1,16,'Рецензия','2025-03-20'),(1,16,'Подборка','2025-03-26'),(1,17,'Рецензия','2025-03-18'),(1,17,'Подборка','2025-03-28'),(1,19,'Рецензия','2025-03-20'),(1,19,'Подборка','2025-03-30'),(1,21,'Книга','2025-04-17'),(1,21,'Рецензия','2025-03-22'),(1,22,'Книга','2025-03-22'),(1,22,'Подборка','2025-04-01'),(1,23,'Рецензия','2025-03-23'),(1,23,'Подборка','2025-04-03'),(1,25,'Рецензия','2025-03-27'),(1,25,'Подборка','2025-04-05'),(2,1,'Книга','2025-04-15'),(2,1,'Рецензия','2025-03-02'),(2,1,'Подборка','2025-04-15'),(2,2,'Книга','2025-02-25'),(2,2,'Рецензия','2025-03-02'),(2,3,'Книга','2025-04-15'),(2,4,'Книга','2025-04-15'),(2,5,'Подборка','2025-03-06'),(2,6,'Книга','2025-04-15'),(2,6,'Рецензия','2025-03-07'),(2,7,'Книга','2025-04-15'),(2,7,'Рецензия','2025-03-09'),(2,8,'Книга','2025-02-25'),(2,8,'Рецензия','2025-03-08'),(2,8,'Подборка','2025-03-08'),(2,9,'Книга','2025-04-15'),(2,9,'Подборка','2025-03-10'),(2,10,'Книга','2025-04-15'),(2,11,'Книга','2025-04-16'),(2,11,'Подборка','2025-03-12'),(2,12,'Книга','2025-04-16'),(2,12,'Рецензия','2025-03-13'),(2,13,'Книга','2025-04-16'),(2,13,'Рецензия','2025-03-15'),(2,13,'Подборка','2025-03-14'),(2,14,'Книга','2025-02-25'),(2,15,'Книга','2025-04-16'),(2,16,'Книга','2025-04-16'),(2,16,'Рецензия','2025-03-17'),(2,16,'Подборка','2025-03-27'),(2,17,'Книга','2025-03-17'),(2,17,'Рецензия','2025-03-21'),(2,17,'Подборка','2025-03-27'),(2,18,'Рецензия','2025-03-19'),(2,18,'Подборка','2025-03-29'),(2,20,'Рецензия','2025-03-21'),(2,20,'Подборка','2025-03-31'),(2,21,'Книга','2025-04-17'),(2,22,'Книга','2025-04-17'),(2,22,'Рецензия','2025-03-23'),(2,22,'Подборка','2025-04-02'),(2,23,'Книга','2025-03-23'),(2,23,'Подборка','2025-04-02'),(2,24,'Рецензия','2025-03-24'),(2,24,'Подборка','2025-04-04'),(2,28,'Книга','2025-04-17'),(3,20,'Книга','2025-04-16'),(6,1,'Книга','2025-04-20'),(6,1,'Рецензия','2025-03-03'),(6,1,'Подборка','2025-03-03'),(6,2,'Книга','2025-04-15'),(6,2,'Рецензия','2025-03-03'),(6,3,'Книга','2025-02-12'),(6,4,'Книга','2025-08-18'),(6,4,'Подборка','2025-03-06'),(6,5,'Книга','2025-04-15'),(6,6,'Книга','2025-04-15'),(6,6,'Подборка','2025-03-08'),(6,7,'Книга','2025-04-15'),(6,7,'Рецензия','2025-03-08'),(6,8,'Книга','2025-04-15'),(6,8,'Рецензия','2025-03-10'),(6,8,'Подборка','2025-03-10'),(6,9,'Книга','2025-02-12'),(6,9,'Подборка','2025-03-09'),(6,10,'Подборка','2025-03-12'),(6,11,'Книга','2025-04-16'),(6,12,'Книга','2025-04-16'),(6,12,'Подборка','2025-03-14'),(6,13,'Книга','2025-04-16'),(6,13,'Рецензия','2025-03-14'),(6,14,'Книга','2025-04-16'),(6,15,'Книга','2025-02-12'),(6,16,'Книга','2025-04-16'),(6,16,'Рецензия','2025-03-18'),(6,16,'Подборка','2025-03-28'),(6,17,'Книга','2025-05-12'),(6,17,'Рецензия','2025-03-18'),(6,17,'Подборка','2025-04-28'),(6,18,'Книга','2025-03-18'),(6,18,'Подборка','2025-03-28'),(6,19,'Рецензия','2025-03-21'),(6,19,'Подборка','2025-03-31'),(6,20,'Рецензия','2025-03-22'),(6,20,'Подборка','2025-04-01'),(6,23,'Книга','2025-04-17'),(6,23,'Рецензия','2025-03-24'),(6,23,'Подборка','2025-04-03'),(6,24,'Книга','2025-04-17'),(6,24,'Рецензия','2025-04-28'),(6,24,'Подборка','2025-04-03'),(6,25,'Рецензия','2025-04-27'),(6,25,'Подборка','2025-04-28'),(6,27,'Книга','2025-05-16'),(6,27,'Рецензия','2025-06-04'),(6,28,'Подборка','2025-06-09'),(6,29,'Книга','2025-09-28'),(6,31,'Подборка','2025-10-02'),(6,37,'Книга','2025-08-21'),(6,41,'Книга','2025-08-21'),(6,42,'Книга','2025-04-19'),(6,43,'Книга','2025-08-21'),(6,46,'Книга','2025-06-04'),(6,49,'Книга','2025-05-29'),(7,1,'Книга','2025-04-15'),(7,1,'Подборка','2025-03-04'),(7,2,'Книга','2025-04-15'),(7,2,'Рецензия','2025-03-04'),(7,3,'Рецензия','2025-03-05'),(7,4,'Книга','2025-02-18'),(7,4,'Подборка','2025-03-04'),(7,5,'Книга','2025-04-15'),(7,5,'Подборка','2025-03-07'),(7,6,'Книга','2025-04-15'),(7,7,'Книга','2025-04-15'),(7,8,'Книга','2025-04-15'),(7,8,'Рецензия','2025-03-09'),(7,9,'Подборка','2025-03-11'),(7,10,'Книга','2025-02-18'),(7,10,'Рецензия','2025-03-10'),(7,10,'Подборка','2025-03-10'),(7,11,'Книга','2025-04-16'),(7,11,'Подборка','2025-03-13'),(7,12,'Книга','2025-04-16'),(7,13,'Книга','2025-04-16'),(7,13,'Подборка','2025-03-15'),(7,14,'Книга','2025-04-16'),(7,16,'Книга','2025-04-16'),(7,16,'Рецензия','2025-03-19'),(7,16,'Подборка','2025-03-29'),(7,17,'Рецензия','2025-03-19'),(7,17,'Подборка','2025-03-29'),(7,18,'Книга','2025-04-16'),(7,18,'Рецензия','2025-03-19'),(7,19,'Книга','2025-03-19'),(7,19,'Подборка','2025-03-29'),(7,20,'Рецензия','2025-03-23'),(7,20,'Подборка','2025-04-01'),(7,21,'Рецензия','2025-03-22'),(7,23,'Подборка','2025-04-04'),(7,24,'Книга','2025-04-17'),(7,24,'Рецензия','2025-03-25'),(7,24,'Подборка','2025-04-06'),(7,25,'Книга','2025-03-25'),(7,25,'Рецензия','2025-03-27'),(7,25,'Подборка','2025-04-04'),(8,1,'Книга','2025-04-15'),(8,3,'Книга','2025-04-15'),(8,3,'Рецензия','2025-03-04'),(8,4,'Книга','2025-04-15'),(8,4,'Подборка','2025-03-07'),(8,5,'Книга','2025-02-12'),(8,5,'Рецензия','2025-03-05'),(8,5,'Подборка','2025-03-05'),(8,6,'Книга','2025-04-15'),(8,6,'Подборка','2025-03-09'),(8,7,'Книга','2025-04-15'),(8,8,'Подборка','2025-03-11'),(8,9,'Книга','2025-04-15'),(8,10,'Книга','2025-04-15'),(8,10,'Рецензия','2025-03-12'),(8,10,'Подборка','2025-03-13'),(8,11,'Книга','2025-02-12'),(8,11,'Подборка','2025-03-11'),(8,12,'Книга','2025-04-16'),(8,12,'Подборка','2025-03-15'),(8,13,'Книга','2025-04-16'),(8,15,'Книга','2025-04-16'),(8,17,'Книга','2025-04-16'),(8,17,'Рецензия','2025-03-20'),(8,17,'Подборка','2025-03-30'),(8,18,'Рецензия','2025-03-20'),(8,18,'Подборка','2025-03-30'),(8,19,'Книга','2025-04-16'),(8,19,'Рецензия','2025-03-20'),(8,20,'Книга','2025-03-20'),(8,20,'Подборка','2025-03-30'),(8,21,'Рецензия','2025-03-23'),(8,22,'Рецензия','2025-03-22'),(8,22,'Подборка','2025-04-03'),(8,24,'Подборка','2025-04-05'),(8,25,'Книга','2025-04-17'),(8,25,'Рецензия','2025-03-26'),(8,25,'Подборка','2025-04-04'),(8,36,'Книга','2025-04-18'),(10,2,'Книга','2025-04-15'),(10,3,'Книга','2025-04-15'),(10,4,'Книга','2025-04-15'),(10,5,'Книга','2025-04-15'),(10,5,'Рецензия','2025-03-07'),(10,5,'Подборка','2025-03-08'),(10,6,'Книга','2025-02-06'),(10,6,'Рецензия','2025-03-06'),(10,6,'Подборка','2025-03-06'),(10,8,'Книга','2025-04-15'),(10,9,'Книга','2025-04-15'),(10,9,'Подборка','2025-03-12'),(10,10,'Книга','2025-04-15'),(10,10,'Рецензия','2025-03-11'),(10,11,'Книга','2025-04-16'),(10,11,'Подборка','2025-03-14'),(10,12,'Книга','2025-02-06'),(10,12,'Рецензия','2025-03-12'),(10,12,'Подборка','2025-03-12'),(10,13,'Подборка','2025-03-16'),(10,14,'Книга','2025-04-16'),(10,15,'Книга','2025-04-16'),(10,18,'Книга','2025-04-16'),(10,18,'Рецензия','2025-03-21'),(10,18,'Подборка','2025-03-31'),(10,19,'Рецензия','2025-03-22'),(10,19,'Подборка','2025-04-01'),(10,20,'Книга','2025-04-16'),(10,20,'Рецензия','2025-03-21'),(10,21,'Книга','2025-03-21'),(10,22,'Рецензия','2025-03-23'),(10,22,'Подборка','2025-04-04'),(10,23,'Рецензия','2025-03-23'),(10,23,'Подборка','2025-04-05'),(10,24,'Подборка','2025-04-06'),(11,11,'Книга','2025-04-16'),(11,17,'Книга','2025-04-16'),(11,19,'Книга','2025-04-16'),(11,28,'Книга','2025-04-17'),(12,5,'Книга','2025-04-15'),(12,22,'Книга','2025-04-17'),(12,26,'Книга','2025-04-17'),(12,28,'Книга','2025-04-17'),(12,34,'Книга','2025-04-18'),(13,27,'Книга','2025-04-17'),(14,21,'Книга','2025-04-17'),(14,29,'Книга','2025-04-17'),(14,31,'Книга','2025-04-18'),(15,30,'Книга','2025-04-17'),(15,47,'Книга','2025-04-19'),(16,31,'Книга','2025-04-18'),(16,33,'Книга','2025-04-18'),(16,41,'Книга','2025-04-19'),(17,41,'Книга','2025-04-19'),(17,49,'Книга','2025-04-19'),(18,2,'Книга','2025-04-15'),(18,32,'Книга','2025-04-18'),(19,2,'Книга','2025-04-15'),(19,20,'Книга','2025-04-16'),(19,26,'Книга','2025-04-17'),(19,33,'Книга','2025-04-18'),(19,48,'Книга','2025-04-19'),(20,24,'Книга','2025-04-17'),(20,34,'Книга','2025-04-18'),(21,35,'Книга','2025-04-18'),(22,2,'Книга','2025-04-15'),(22,28,'Книга','2025-04-17'),(22,36,'Книга','2025-04-18'),(23,31,'Книга','2025-04-18'),(23,37,'Книга','2025-04-18'),(24,5,'Книга','2025-04-15'),(24,11,'Книга','2025-04-16'),(24,38,'Книга','2025-04-18'),(24,41,'Книга','2025-04-19'),(25,35,'Книга','2025-04-18'),(25,39,'Книга','2025-04-18'),(25,45,'Книга','2025-04-19'),(25,49,'Книга','2025-04-19'),(26,14,'Книга','2025-04-16'),(26,32,'Книга','2025-04-18'),(26,40,'Книга','2025-04-18'),(26,48,'Книга','2025-04-19'),(27,9,'Книга','2025-04-15'),(27,13,'Книга','2025-04-16'),(27,42,'Книга','2025-04-19'),(28,43,'Книга','2025-04-19'),(28,47,'Книга','2025-04-19'),(29,18,'Книга','2025-04-16'),(29,36,'Книга','2025-04-18'),(29,44,'Книга','2025-04-19'),(30,37,'Книга','2025-04-18'),(30,45,'Книга','2025-04-19'),(31,46,'Книга','2025-04-19'),(32,7,'Книга','2025-04-15'),(32,9,'Книга','2025-04-15'),(32,33,'Книга','2025-04-18'),(32,47,'Книга','2025-04-19'),(33,1,'Книга','2025-04-15'),(33,4,'Книга','2025-04-15'),(33,40,'Книга','2025-04-18'),(33,48,'Книга','2025-04-19'),(34,6,'Книга','2025-04-15'),(34,10,'Книга','2025-04-15'),(34,49,'Книга','2025-04-19');
/*!40000 ALTER TABLE `viewhistory` ENABLE KEYS */;
UNLOCK TABLES;

--
-- Table structure for table `violations`
--

DROP TABLE IF EXISTS `violations`;
/*!40101 SET @saved_cs_client     = @@character_set_client */;
/*!50503 SET character_set_client = utf8mb4 */;
CREATE TABLE `violations` (
  `id_violation` int NOT NULL AUTO_INCREMENT,
  `id_user` int NOT NULL,
  `category_violation` enum('Спам','Оскорбления','Мошенничество','Призывы к насилию','Другое') NOT NULL,
  `description_violation` text NOT NULL,
  `date_violation` date NOT NULL,
  PRIMARY KEY (`id_violation`),
  KEY `id_user` (`id_user`),
  CONSTRAINT `violations_ibfk_1` FOREIGN KEY (`id_user`) REFERENCES `users` (`id_user`)
) ENGINE=InnoDB AUTO_INCREMENT=16 DEFAULT CHARSET=utf8mb4 COLLATE=utf8mb4_0900_ai_ci;
/*!40101 SET character_set_client = @saved_cs_client */;

--
-- Dumping data for table `violations`
--

LOCK TABLES `violations` WRITE;
/*!40000 ALTER TABLE `violations` DISABLE KEYS */;
INSERT INTO `violations` VALUES (1,9,'Спам','Множественные повторяющиеся сообщения','2025-02-28'),(2,1,'Оскорбления','Использование нецензурной лексики','2025-03-01'),(3,2,'Мошенничество','Попытка продажи несуществующих книг','2025-03-02'),(4,9,'Призывы к насилию','Публикация агрессивного контента','2025-02-28'),(5,7,'Другое','Нарушение правил сообщества','2025-03-03'),(6,6,'Спам','Реклама сторонних ресурсов','2025-03-04'),(7,8,'Оскорбления','Личные оскорбления в комментариях','2025-03-05'),(8,10,'Мошенничество','Поддельные отзывы','2025-03-06'),(9,9,'Призывы к насилию','Публикация угроз','2025-02-28'),(10,1,'Другое','Некорректное поведение','2025-03-07'),(11,2,'Спам','Массовая рассылка','2025-03-08'),(12,6,'Оскорбления','Оскорбления в рецензии','2025-03-09'),(13,7,'Мошенничество','Попытка обмана','2025-03-10'),(14,8,'Призывы к насилию','Агрессивные высказывания','2025-03-11'),(15,10,'Другое','Нарушение правил платформы','2025-03-12');
/*!40000 ALTER TABLE `violations` ENABLE KEYS */;
UNLOCK TABLES;
/*!40103 SET TIME_ZONE=@OLD_TIME_ZONE */;

/*!40101 SET SQL_MODE=@OLD_SQL_MODE */;
/*!40014 SET FOREIGN_KEY_CHECKS=@OLD_FOREIGN_KEY_CHECKS */;
/*!40014 SET UNIQUE_CHECKS=@OLD_UNIQUE_CHECKS */;
/*!40101 SET CHARACTER_SET_CLIENT=@OLD_CHARACTER_SET_CLIENT */;
/*!40101 SET CHARACTER_SET_RESULTS=@OLD_CHARACTER_SET_RESULTS */;
/*!40101 SET COLLATION_CONNECTION=@OLD_COLLATION_CONNECTION */;
/*!40111 SET SQL_NOTES=@OLD_SQL_NOTES */;

-- Dump completed on 2025-10-03 12:44:47
